Date,City,Year,Month,Temperature_at_2m,Relative_Humidity_at_2m,Surface_Pressure,Wind_Speed_at_2m,Monthly_Precipitation,Rolling_3Month_Precipitation,SPI_3,Year_Month
1981-03-01,Riyadh,1981,3,20.88967741935484,37.086774193548386,94.34483870967742,2.9096774193548387,12.5,28.37,0.5156215117731027,1981-03
1981-04-01,Riyadh,1981,4,26.121666666666666,18.657333333333334,94.11999999999999,2.845666666666667,0.01,27.820000000000004,0.57662877139242,1981-04
1981-05-01,Riyadh,1981,5,30.50774193548387,20.593225806451613,93.98612903225806,2.7816129032258066,18.429999999999996,30.939999999999998,0.9644424763609298,1981-05
1981-06-01,Riyadh,1981,6,33.483666666666664,11.638333333333332,93.60333333333332,2.987,0.0,18.439999999999998,1.1552854060638769,1981-06
1981-07-01,Riyadh,1981,7,35.16645161290323,11.364516129032259,93.24580645161289,3.0280645161290325,0.0,18.429999999999996,2.173685341935255,1981-07
1981-08-01,Riyadh,1981,8,34.390967741935484,11.675806451612903,93.42193548387097,2.8574193548387097,0.0,0.0,-0.3791917808836802,1981-08
1981-09-01,Riyadh,1981,9,30.937,13.803,93.94166666666666,2.268666666666667,0.0,0.0,-0.3487556955170447,1981-09
1981-10-01,Riyadh,1981,10,26.193870967741937,19.67838709677419,94.45064516129032,2.145483870967742,0.0,0.0,-0.504889622010601,1981-10
1981-11-01,Riyadh,1981,11,19.915333333333333,27.613333333333333,94.65566666666668,2.761,0.02,0.02,-0.6525698475683884,1981-11
1981-12-01,Riyadh,1981,12,16.247096774193547,35.350322580645155,94.82903225806452,2.5770967741935484,0.0,0.02,-1.1344444186388762,1981-12
1982-01-01,Riyadh,1982,1,13.784193548387098,41.16225806451613,94.68096774193549,2.6022580645161293,1.08,1.1,-1.122386767588457,1982-01
1982-02-01,Riyadh,1982,2,11.957142857142857,49.044285714285714,94.55,3.1350000000000002,57.949999999999996,59.029999999999994,1.3050909992733044,1982-02
1982-03-01,Riyadh,1982,3,17.21,54.65548387096774,94.37516129032258,3.052258064516129,81.13000000000001,140.16,2.3325842210894785,1982-03
1982-04-01,Riyadh,1982,4,23.346666666666668,41.25933333333333,94.26366666666667,2.4356666666666666,2.66,141.74,2.778388880722227,1982-04
1982-05-01,Riyadh,1982,5,30.424516129032256,24.416774193548385,94.09935483870967,2.94258064516129,0.0,83.79,2.202599871420153,1982-05
1982-06-01,Riyadh,1982,6,33.48566666666667,12.377333333333333,93.666,3.115666666666667,0.0,2.6600000000000144,-0.18189501413064518,1982-06
1982-07-01,Riyadh,1982,7,34.262903225806454,12.294516129032258,93.38612903225805,2.7674193548387094,0.2,0.20000000000001422,0.11362515566451861,1982-07
1982-08-01,Riyadh,1982,8,33.26096774193548,12.102580645161291,93.46,2.823225806451613,2.26,2.460000000000014,1.8685955636129785,1982-08
1982-09-01,Riyadh,1982,9,32.03766666666667,14.649666666666667,94.01233333333333,2.3116666666666665,1.31,3.7700000000000142,2.143038113208616,1982-09
1982-10-01,Riyadh,1982,10,26.450967741935486,28.233548387096775,94.38064516129033,3.016451612903226,10.149999999999999,13.720000000000013,1.9369015225293271,1982-10
1982-11-01,Riyadh,1982,11,16.598333333333333,52.168,94.62233333333333,3.0163333333333333,20.160000000000004,31.62000000000002,1.5703329443491687,1982-11
1982-12-01,Riyadh,1982,12,11.32,58.501290322580644,94.84709677419356,2.7145161290322584,33.8,64.11000000000001,1.736724570249664,1982-12
1983-01-01,Riyadh,1983,1,10.688064516129032,52.44741935483871,94.92903225806452,2.9090322580645163,16.05,70.01000000000002,1.5703970329287689,1983-01
1983-02-01,Riyadh,1983,2,13.102857142857143,43.09357142857143,94.64892857142857,2.6471428571428572,6.49,56.34000000000001,1.253151303895303,1983-02
1983-03-01,Riyadh,1983,3,16.368709677419353,41.11387096774193,94.52967741935484,3.104516129032258,25.529999999999994,48.07000000000001,0.9971873246796326,1983-03
1983-04-01,Riyadh,1983,4,23.941,38.712,94.19,3.1069999999999998,11.35,43.37000000000001,1.0461229022396672,1983-04
1983-05-01,Riyadh,1983,5,31.340645161290322,24.20451612903226,93.93741935483871,3.009677419354839,9.12,46.00000000000001,1.4002675993003664,1983-05
1983-06-01,Riyadh,1983,6,33.69266666666667,14.832333333333334,93.74166666666666,2.815,0.0,20.470000000000013,1.257200106604182,1983-06
1983-07-01,Riyadh,1983,7,34.82096774193548,11.165806451612903,93.38387096774194,2.9848387096774194,0.0,9.120000000000013,1.536146349547806,1983-07
1983-08-01,Riyadh,1983,8,34.33064516129032,15.250322580645161,93.38967741935484,2.94741935483871,0.48,0.4800000000000142,1.0580725887777493,1983-08
1983-09-01,Riyadh,1983,9,30.671666666666667,13.257666666666667,93.846,2.1823333333333332,0.0,0.4800000000000142,1.0930447286180374,1983-09
1983-10-01,Riyadh,1983,10,23.319032258064517,16.918709677419354,94.45064516129031,2.229677419354839,0.05,0.5300000000000142,0.6876271716553843,1983-10
1983-11-01,Riyadh,1983,11,19.466666666666665,25.378,94.81466666666667,2.5743333333333336,0.18,0.2300000000000142,-0.4003509327416534,1983-11
1983-12-01,Riyadh,1983,12,14.216129032258063,40.86806451612903,94.88741935483871,2.426774193548387,0.16,0.3900000000000142,-0.7373291167644175,1983-12
1984-01-01,Riyadh,1984,1,12.938709677419356,43.03064516129032,94.73967741935483,2.6548387096774193,4.16,4.500000000000014,-0.5471143596602477,1984-01
1984-02-01,Riyadh,1984,2,15.44206896551724,33.13896551724138,94.67379310344828,2.7724137931034485,62.809999999999995,67.13000000000001,1.4533503922552031,1984-02
1984-03-01,Riyadh,1984,3,20.317419354838712,45.137741935483874,94.28548387096774,3.168064516129032,48.53999999999999,115.51,2.0461774869510188,1984-03
1984-04-01,Riyadh,1984,4,24.908666666666665,29.592333333333332,94.13633333333334,3.1263333333333336,0.27,111.61999999999999,2.3580020822020527,1984-04
1984-05-01,Riyadh,1984,5,30.098709677419354,19.122258064516128,93.8532258064516,3.059032258064516,0.0,48.81000000000001,1.4712923379857803,1984-05
1984-06-01,Riyadh,1984,6,31.961666666666666,10.088,93.47966666666666,3.3703333333333334,0.17,0.44000000000001427,-0.8800174022876608,1984-06
1984-07-01,Riyadh,1984,7,34.63709677419355,10.146129032258065,93.28677419354838,2.6980645161290324,0.0,0.17000000000001422,0.08921964426457996,1984-07
1984-08-01,Riyadh,1984,8,32.5,11.578387096774193,93.50161290322582,2.592258064516129,0.0,0.17000000000001422,0.8258682169442694,1984-08
1984-09-01,Riyadh,1984,9,31.127666666666666,14.062666666666667,93.90466666666666,2.707333333333333,0.0,0.0,-0.3487556955170447,1984-09
1984-10-01,Riyadh,1984,10,25.015483870967742,16.990645161290324,94.52774193548387,2.4977419354838712,0.0,0.0,-0.504889622010601,1984-10
1984-11-01,Riyadh,1984,11,19.163999999999998,43.19833333333334,94.615,3.119333333333333,30.14,30.140000000000015,1.5279034536493634,1984-11
1984-12-01,Riyadh,1984,12,13.939354838709678,54.2541935483871,94.74548387096775,2.706451612903226,12.95,43.09000000000002,1.3488537950230586,1984-12
1985-01-01,Riyadh,1985,1,16.19258064516129,49.270322580645164,94.60903225806452,2.8235483870967744,11.84,54.930000000000014,1.2905321147655973,1985-01
1985-02-01,Riyadh,1985,2,14.136071428571428,29.462857142857143,94.53571428571429,2.692857142857143,3.0700000000000003,27.860000000000014,0.5717370305142712,1985-02
1985-03-01,Riyadh,1985,3,20.11225806451613,26.489032258064515,94.41709677419354,3.426774193548387,5.760000000000001,20.670000000000016,0.26630482012563056,1985-03
1985-04-01,Riyadh,1985,4,24.783333333333335,28.419666666666668,94.164,2.7933333333333334,6.609999999999999,15.440000000000015,0.05714993019640674,1985-04
1985-05-01,Riyadh,1985,5,31.071290322580648,21.17967741935484,93.8883870967742,2.467741935483871,0.6900000000000001,13.060000000000015,0.20481559187499981,1985-05
1985-06-01,Riyadh,1985,6,32.936,10.213333333333333,93.57366666666667,3.0603333333333333,0.18,7.480000000000014,0.42253285101029003,1985-06
1985-07-01,Riyadh,1985,7,34.21,10.592258064516129,93.37774193548387,2.673548387096774,0.08,0.9500000000000143,0.4463526098938617,1985-07
1985-08-01,Riyadh,1985,8,34.83709677419355,12.214516129032257,93.37387096774194,2.519354838709677,0.30000000000000004,0.5600000000000143,1.1061436916068041,1985-08
1985-09-01,Riyadh,1985,9,31.287,13.756666666666666,93.85133333333333,2.3983333333333334,0.0,0.38000000000001427,1.0345437631097893,1985-09
1985-10-01,Riyadh,1985,10,25.95451612903226,18.486129032258066,94.3941935483871,2.295483870967742,0.0,0.30000000000001426,0.6055965823783968,1985-10
1985-11-01,Riyadh,1985,11,20.541333333333334,41.48066666666667,94.66633333333334,2.396333333333333,18.43,18.430000000000014,1.1392630098030667,1985-11
1985-12-01,Riyadh,1985,12,14.625483870967741,47.35387096774193,94.74645161290321,2.696774193548387,14.54,32.97000000000001,1.1208392667246132,1985-12
1986-01-01,Riyadh,1986,1,12.929354838709678,39.58741935483871,94.73967741935483,2.4948387096774196,6.890000000000001,39.860000000000014,0.9587196628811482,1986-01
1986-02-01,Riyadh,1986,2,14.645357142857142,44.31142857142857,94.49964285714286,2.9696428571428575,10.27,31.700000000000014,0.6836784335057238,1986-02
1986-03-01,Riyadh,1986,3,20.22935483870968,37.148709677419355,94.25129032258064,3.2641935483870967,11.669999999999998,28.830000000000013,0.5290158166570177,1986-03
1986-04-01,Riyadh,1986,4,24.92,39.989333333333335,94.05833333333334,2.7516666666666665,16.58,38.52000000000001,0.9131513753558776,1986-04
1986-05-01,Riyadh,1986,5,31.357741935483872,17.548387096774192,93.87193548387096,3.427741935483871,5.26,33.51000000000001,1.0470013570847685,1986-05
1986-06-01,Riyadh,1986,6,33.51833333333333,12.54,93.46833333333333,3.0929999999999995,0.39,22.23000000000001,1.3406951218923757,1986-06
1986-07-01,Riyadh,1986,7,35.2641935483871,10.68032258064516,93.34580645161292,3.182258064516129,0.0,5.650000000000014,1.2075462841242663,1986-07
1986-08-01,Riyadh,1986,8,35.37193548387096,14.53,93.41129032258064,3.1335483870967744,5.14,5.530000000000014,2.6486999297943563,1986-08
1986-09-01,Riyadh,1986,9,31.29866666666667,15.317,93.94833333333332,2.227333333333333,0.0,5.140000000000014,2.4350808930316075,1986-09
1986-10-01,Riyadh,1986,10,27.07709677419355,17.595806451612905,94.42774193548388,2.2254838709677416,0.0,5.140000000000014,1.3387270643710787,1986-10
1986-11-01,Riyadh,1986,11,19.872666666666667,35.71066666666666,94.54533333333333,3.3366666666666664,17.52,17.520000000000014,1.1036187766335972,1986-11
1986-12-01,Riyadh,1986,12,12.785483870967743,52.51451612903226,94.82290322580646,2.728709677419355,20.810000000000002,38.33000000000001,1.246137982788087,1986-12
1987-01-01,Riyadh,1987,1,13.130645161290323,41.619354838709675,94.97709677419354,2.4993548387096776,3.24,41.570000000000014,0.9999265509136294,1987-01
1987-02-01,Riyadh,1987,2,17.591428571428573,35.3825,94.62249999999999,2.7232142857142856,6.959999999999999,31.010000000000016,0.6642270444387937,1987-02
1987-03-01,Riyadh,1987,3,19.664516129032258,42.83451612903225,94.22451612903225,3.3448387096774193,29.020000000000003,39.22000000000001,0.8004498211807825,1987-03
1987-04-01,Riyadh,1987,4,25.415000000000003,26.591666666666665,94.27966666666666,3.3603333333333336,0.98,36.960000000000015,0.8681567181005257,1987-04
1987-05-01,Riyadh,1987,5,32.75967741935484,19.716451612903228,93.97193548387096,2.6848387096774196,0.0,30.000000000000018,0.9331625084053172,1987-05
1987-06-01,Riyadh,1987,6,33.498333333333335,10.414333333333333,93.66000000000001,3.173,0.22,1.2000000000000142,-0.5342980859146388,1987-06
1987-07-01,Riyadh,1987,7,36.34032258064516,10.51774193548387,93.37387096774194,3.220322580645161,0.0,0.2200000000000142,0.12866770267286362,1987-07
1987-08-01,Riyadh,1987,8,35.50967741935484,15.067419354838709,93.42806451612903,2.762258064516129,0.03,0.2500000000000142,0.8963137738206752,1987-08
1987-09-01,Riyadh,1987,9,32.59866666666667,14.955,93.90366666666667,2.5766666666666667,0.0,0.03000000000001421,0.7162160348090432,1987-09
1987-10-01,Riyadh,1987,10,27.551612903225806,21.40967741935484,94.31967741935483,3.1716129032258062,0.0,0.03000000000001421,0.4169044785113503,1987-10
1987-11-01,Riyadh,1987,11,20.24866666666667,28.714666666666666,94.75,2.0843333333333334,0.0,0.0,-1.2687073653921925,1987-11
1987-12-01,Riyadh,1987,12,15.813548387096773,41.935483870967744,94.89096774193548,2.7241935483870967,0.0,0.0,-1.6906216295848977,1987-12
1988-01-01,Riyadh,1988,1,12.827741935483871,39.185483870967744,94.80193548387098,2.5551612903225807,1.6500000000000001,1.6500000000000143,-0.9778300315662294,1988-01
1988-02-01,Riyadh,1988,2,16.15310344827586,37.498620689655176,94.47275862068966,2.9896551724137934,3.13,4.7800000000000145,-0.5518059915303034,1988-02
1988-03-01,Riyadh,1988,3,21.59967741935484,24.066451612903226,94.34290322580645,3.418709677419355,0.03,4.810000000000015,-0.6112861766280445,1988-03
1988-04-01,Riyadh,1988,4,25.828666666666667,25.700666666666667,94.20466666666667,3.094333333333333,2.0,5.160000000000014,-0.6825416040029589,1988-04
1988-05-01,Riyadh,1988,5,31.776129032258062,12.878387096774194,94.02741935483871,2.835806451612903,0.0,2.0300000000000145,-0.9039127621298793,1988-05
1988-06-01,Riyadh,1988,6,34.111666666666665,10.969,93.61666666666666,2.881,0.0,2.000000000000014,-0.31750243187864674,1988-06
1988-07-01,Riyadh,1988,7,35.321290322580644,11.71774193548387,93.20354838709677,3.3341935483870966,0.0,0.0,-0.8662307448481308,1988-07
1988-08-01,Riyadh,1988,8,35.04483870967742,13.98225806451613,93.40290322580644,2.8880645161290324,0.0,0.0,-0.3791917808836802,1988-08
1988-09-01,Riyadh,1988,9,31.698,15.454,93.854,2.859,0.0,0.0,-0.3487556955170447,1988-09
1988-10-01,Riyadh,1988,10,26.83677419354839,20.181935483870966,94.3674193548387,2.0851612903225805,0.0,0.0,-0.504889622010601,1988-10
1988-11-01,Riyadh,1988,11,19.250999999999998,27.029666666666667,94.812,2.322,0.0,0.0,-1.2687073653921925,1988-11
1988-12-01,Riyadh,1988,12,15.83290322580645,37.49290322580645,94.77258064516128,2.332258064516129,0.1,0.10000000000001444,-0.9648066781115383,1988-12
1989-01-01,Riyadh,1989,1,10.573548387096773,31.87451612903226,94.82612903225807,2.784838709677419,0.0,0.10000000000001444,-1.703068780667294,1989-01
1989-02-01,Riyadh,1989,2,13.098571428571429,31.201071428571428,94.80678571428572,2.704285714285714,0.07,0.17000000000001445,-1.4779355089013435,1989-02
1989-03-01,Riyadh,1989,3,20.432580645161288,28.253548387096775,94.25774193548386,3.2374193548387096,4.75,4.8200000000000145,-0.6102793410138498,1989-03
1989-04-01,Riyadh,1989,4,24.521666666666665,28.825666666666667,94.33166666666666,2.104,0.11,4.930000000000015,-0.7082740333828476,1989-04
1989-05-01,Riyadh,1989,5,31.335483870967742,14.366129032258065,94.06,2.753548387096774,0.0,4.8600000000000145,-0.44897811064136484,1989-05
1989-06-01,Riyadh,1989,6,32.968666666666664,11.519666666666666,93.68766666666667,3.3393333333333337,0.0,0.11000000000001421,-1.221164655128065,1989-06
1989-07-01,Riyadh,1989,7,35.6441935483871,9.425161290322581,93.36,3.42258064516129,0.0,0.0,-0.8662307448481308,1989-07
1989-08-01,Riyadh,1989,8,34.638064516129035,11.522258064516128,93.48677419354838,2.7293548387096775,0.0,0.0,-0.3791917808836802,1989-08
1989-09-01,Riyadh,1989,9,30.817,14.844,93.926,2.3516666666666666,0.0,0.0,-0.3487556955170447,1989-09
1989-10-01,Riyadh,1989,10,25.53451612903226,18.43032258064516,94.44967741935484,2.4193548387096775,0.0,0.0,-0.504889622010601,1989-10
1989-11-01,Riyadh,1989,11,21.318666666666665,36.04933333333334,94.69933333333333,2.7023333333333337,0.0,0.0,-1.2687073653921925,1989-11
1989-12-01,Riyadh,1989,12,14.249354838709678,44.142580645161296,94.81290322580645,2.5548387096774197,0.05,0.050000000000014214,-1.049011356985797,1989-12
1990-01-01,Riyadh,1990,1,12.501612903225807,46.11774193548387,94.8558064516129,2.5390322580645157,18.150000000000002,18.200000000000017,0.2932849471945584,1990-01
1990-02-01,Riyadh,1990,2,15.182857142857143,42.68892857142857,94.4175,2.8242857142857143,0.3,18.500000000000018,0.24896891186458572,1990-02
1990-03-01,Riyadh,1990,3,20.09225806451613,26.081612903225807,94.5658064516129,3.183225806451613,0.27,18.720000000000017,0.19352178442381437,1990-03
1990-04-01,Riyadh,1990,4,25.551,26.032333333333334,94.18466666666667,3.0420000000000003,0.51,1.0800000000000143,-1.3868670546832393,1990-04
1990-05-01,Riyadh,1990,5,31.861612903225808,13.757741935483871,93.83967741935483,2.603548387096774,0.02,0.8000000000000143,-1.3068568748447436,1990-05
1990-06-01,Riyadh,1990,6,33.597,9.967666666666666,93.60433333333334,3.119333333333333,0.01,0.5400000000000142,-0.8170191725813571,1990-06
1990-07-01,Riyadh,1990,7,35.43774193548387,10.915806451612903,93.31516129032258,3.2116129032258067,0.0,0.03000000000001421,-0.0950711164424282,1990-07
1990-08-01,Riyadh,1990,8,34.20290322580645,12.158709677419356,93.51612903225806,2.5638709677419356,0.0,0.010000000000014211,0.5972061029644715,1990-08
1990-09-01,Riyadh,1990,9,31.647333333333336,13.320666666666666,93.85100000000001,2.3056666666666668,0.0,0.0,-0.3487556955170447,1990-09
1990-10-01,Riyadh,1990,10,26.881290322580647,19.429032258064513,94.47354838709677,2.2264516129032255,0.0,0.0,-0.504889622010601,1990-10
1990-11-01,Riyadh,1990,11,20.354,27.091666666666665,94.76299999999999,2.0073333333333334,0.03,0.03000000000001421,-0.6240011801792341,1990-11
1990-12-01,Riyadh,1990,12,16.822903225806453,33.13354838709678,94.81741935483872,2.1580645161290324,0.0,0.03000000000001421,-1.0999159453790837,1990-12
1991-01-01,Riyadh,1991,1,14.180645161290323,52.73483870967742,94.63870967741936,2.9403225806451614,25.8,25.830000000000016,0.5680817330023183,1991-01
1991-02-01,Riyadh,1991,2,15.006785714285714,41.71857142857142,94.63071428571428,2.9792857142857145,11.91,37.710000000000015,0.8427737527272595,1991-02
1991-03-01,Riyadh,1991,3,19.713225806451614,37.648709677419355,94.34580645161292,2.9358064516129034,4.52,42.23000000000002,0.8702495923613999,1991-03
1991-04-01,Riyadh,1991,4,27.500333333333334,23.624333333333333,94.27466666666666,2.5386666666666664,0.08,16.510000000000012,0.11120946670048498,1991-04
1991-05-01,Riyadh,1991,5,30.77516129032258,13.575806451612904,94.07516129032258,2.6980645161290324,0.0,4.600000000000014,-0.48046369136428657,1991-05
1991-06-01,Riyadh,1991,6,34.407666666666664,12.109333333333332,93.55166666666668,2.9993333333333334,0.0,0.08000000000001421,-1.2809246022205607,1991-06
1991-07-01,Riyadh,1991,7,34.24677419354839,12.03032258064516,93.3941935483871,3.512903225806452,0.0,0.0,-0.8662307448481308,1991-07
1991-08-01,Riyadh,1991,8,34.001612903225805,13.60741935483871,93.48612903225806,3.1129032258064515,0.0,0.0,-0.3791917808836802,1991-08
1991-09-01,Riyadh,1991,9,31.194666666666667,15.004999999999999,93.99233333333333,2.5253333333333337,0.0,0.0,-0.3487556955170447,1991-09
1991-10-01,Riyadh,1991,10,27.07677419354839,24.42516129032258,94.43129032258064,2.222258064516129,0.0,0.0,-0.504889622010601,1991-10
1991-11-01,Riyadh,1991,11,19.809,24.696,94.77966666666666,1.8396666666666666,0.01,0.010000000000014211,-0.692713896841544,1991-11
1991-12-01,Riyadh,1991,12,16.546774193548387,41.87032258064516,94.62096774193549,2.9106451612903226,0.1,0.11000000000001421,-0.9517176745402952,1991-12
1992-01-01,Riyadh,1992,1,10.282580645161291,42.40516129032258,94.87354838709678,2.8706451612903225,0.13,0.2400000000000142,-1.540915687427404,1992-01
1992-02-01,Riyadh,1992,2,12.609655172413794,38.34862068965517,94.65517241379311,2.9424137931034484,14.44,14.670000000000014,0.08535884507770872,1992-02
1992-03-01,Riyadh,1992,3,16.998387096774195,37.33451612903225,94.51225806451613,3.0170967741935484,6.8100000000000005,21.380000000000017,0.29165528154928094,1992-03
1992-04-01,Riyadh,1992,4,24.431,24.881666666666668,94.20333333333333,2.9723333333333333,0.05,21.300000000000015,0.3280861036603028,1992-04
1992-05-01,Riyadh,1992,5,31.050967741935484,18.070967741935487,93.95548387096774,3.2851612903225806,0.2,7.060000000000015,-0.2229224381336382,1992-05
1992-06-01,Riyadh,1992,6,33.382666666666665,11.3,93.59833333333333,3.133666666666667,0.0,0.2500000000000142,-1.0361699542428853,1992-06
1992-07-01,Riyadh,1992,7,33.18709677419355,11.369677419354838,93.47322580645161,3.5658064516129033,0.0,0.20000000000001422,0.11362515566451861,1992-07
1992-08-01,Riyadh,1992,8,34.27225806451613,15.091290322580644,93.52709677419355,2.3777419354838707,0.0,0.0,-0.3791917808836802,1992-08
1992-09-01,Riyadh,1992,9,30.962666666666667,15.074333333333334,93.93266666666666,2.4436666666666667,0.0,0.0,-0.3487556955170447,1992-09
1992-10-01,Riyadh,1992,10,24.51322580645161,17.896129032258063,94.44967741935484,2.2383870967741935,6.13,6.130000000000014,1.425368597160753,1992-10
1992-11-01,Riyadh,1992,11,19.345666666666666,37.031333333333336,94.76733333333333,2.306,0.04,6.170000000000014,0.5085792446823046,1992-11
1992-12-01,Riyadh,1992,12,14.70483870967742,52.13,94.72354838709677,2.979677419354839,9.73,15.900000000000015,0.6067681674790039,1992-12
1993-01-01,Riyadh,1993,1,12.19483870967742,53.762258064516125,94.84483870967742,2.492903225806452,21.439999999999998,31.21000000000001,0.7309871476333498,1993-01
1993-02-01,Riyadh,1993,2,14.314285714285715,44.035357142857144,94.64035714285714,2.934285714285714,5.0,36.170000000000016,0.8036261726966879,1993-02
1993-03-01,Riyadh,1993,3,20.229032258064517,30.887096774193548,94.41774193548386,3.2925806451612902,1.8699999999999999,28.310000000000013,0.5138639730955035,1993-03
1993-04-01,Riyadh,1993,4,24.512666666666668,30.861333333333334,94.26066666666667,2.872666666666667,4.1499999999999995,11.020000000000014,-0.19784911938924946,1993-04
1993-05-01,Riyadh,1993,5,30.24967741935484,24.41483870967742,94.01612903225806,2.944516129032258,14.49,20.510000000000012,0.5745827906908066,1993-05
1993-06-01,Riyadh,1993,6,33.165333333333336,11.818666666666667,93.65666666666667,2.8583333333333334,0.0,18.640000000000015,1.16562136597621,1993-06
1993-07-01,Riyadh,1993,7,34.61774193548387,11.325806451612904,93.3583870967742,3.676129032258064,0.0,14.490000000000014,1.9314466511071047,1993-07
1993-08-01,Riyadh,1993,8,34.5816129032258,12.679354838709678,93.57451612903226,2.7038709677419357,0.0,0.0,-0.3791917808836802,1993-08
1993-09-01,Riyadh,1993,9,31.44633333333333,14.553,93.86033333333333,2.396333333333333,0.0,0.0,-0.3487556955170447,1993-09
1993-10-01,Riyadh,1993,10,26.648064516129033,26.909032258064517,94.4841935483871,2.459032258064516,22.87,22.870000000000015,2.3902632548781666,1993-10
1993-11-01,Riyadh,1993,11,20.177000000000003,34.373333333333335,94.67166666666667,2.1426666666666665,0.0,22.870000000000015,1.2999027359613278,1993-11
1993-12-01,Riyadh,1993,12,16.04290322580645,39.6941935483871,94.87322580645161,1.998709677419355,0.0,22.870000000000015,0.8454874982655426,1993-12
1994-01-01,Riyadh,1994,1,15.34290322580645,37.138387096774196,94.69354838709677,2.584516129032258,0.0,0.0,-2.2779883330287345,1994-01
1994-02-01,Riyadh,1994,2,15.811428571428573,27.25464285714286,94.58857142857143,2.7357142857142853,0.0,0.0,-1.9907204615820324,1994-02
1994-03-01,Riyadh,1994,3,19.72290322580645,29.90516129032258,94.4,3.138387096774194,0.1,0.10000000000001422,-1.750091292959227,1994-03
1994-04-01,Riyadh,1994,4,26.900333333333332,25.123,94.19200000000001,2.739,0.84,0.9400000000000142,-1.4332699339980544,1994-04
1994-05-01,Riyadh,1994,5,31.82935483870968,18.583870967741937,93.9941935483871,2.8138709677419356,0.62,1.5600000000000143,-1.0251138968188276,1994-05
1994-06-01,Riyadh,1994,6,33.656333333333336,10.156,93.45533333333333,3.602,0.0,1.4600000000000142,-0.45474627057973926,1994-06
1994-07-01,Riyadh,1994,7,34.00258064516129,12.038064516129033,93.29548387096774,3.7567741935483867,0.0,0.6200000000000142,0.33398331671156567,1994-07
1994-08-01,Riyadh,1994,8,34.35354838709677,12.231290322580646,93.40290322580644,3.17,0.12,0.1200000000000142,0.774442666246587,1994-08
1994-09-01,Riyadh,1994,9,31.488666666666667,18.616666666666667,93.97600000000001,2.3146666666666667,0.0,0.1200000000000142,0.8358467727893487,1994-09
1994-10-01,Riyadh,1994,10,27.174193548387095,26.83225806451613,94.45161290322581,2.0716129032258066,0.1,0.2200000000000142,0.5686222779248112,1994-10
1994-11-01,Riyadh,1994,11,22.291333333333334,37.333666666666666,94.56,3.44,0.0,0.10000000000001422,-0.5107805721100055,1994-11
1994-12-01,Riyadh,1994,12,13.67451612903226,39.986774193548385,94.97838709677418,2.8406451612903227,0.01,0.11000000000001421,-0.9517176745402952,1994-12
1995-01-01,Riyadh,1995,1,14.070645161290322,38.65548387096774,94.93903225806451,2.2316129032258063,0.39,0.40000000000001423,-1.4209140020251885,1995-01
1995-02-01,Riyadh,1995,2,15.776785714285714,45.157500000000006,94.54714285714286,2.7775,36.09,36.490000000000016,0.8118456221433427,1995-02
1995-03-01,Riyadh,1995,3,18.536129032258064,44.68161290322581,94.42354838709677,2.830322580645161,38.61,75.09000000000002,1.4852881025728013,1995-03
1995-04-01,Riyadh,1995,4,24.178333333333335,35.87066666666667,94.17233333333334,3.295,7.91,82.61000000000001,1.8850657281879613,1995-04
1995-05-01,Riyadh,1995,5,30.78322580645161,15.710967741935484,94.0,2.596774193548387,0.0,46.52000000000001,1.4136066577862232,1995-05
1995-06-01,Riyadh,1995,6,33.87266666666667,12.110000000000001,93.61533333333334,3.1886666666666668,0.0,7.910000000000014,0.4613823787402055,1995-06
1995-07-01,Riyadh,1995,7,34.288709677419355,13.282903225806452,93.23903225806451,3.618387096774194,0.0,0.0,-0.8662307448481308,1995-07
1995-08-01,Riyadh,1995,8,34.918064516129036,12.56,93.4132258064516,3.100322580645161,0.0,0.0,-0.3791917808836802,1995-08
1995-09-01,Riyadh,1995,9,31.066333333333333,15.652,93.93633333333334,2.365,0.0,0.0,-0.3487556955170447,1995-09
1995-10-01,Riyadh,1995,10,26.851935483870967,21.181612903225805,94.36032258064516,2.25258064516129,0.0,0.0,-0.504889622010601,1995-10
1995-11-01,Riyadh,1995,11,19.407666666666668,26.554333333333332,94.685,2.2046666666666668,0.15000000000000002,0.15000000000001423,-0.46086472190635597,1995-11
1995-12-01,Riyadh,1995,12,14.22225806451613,65.81258064516129,94.83870967741936,2.9606451612903224,17.64,17.790000000000013,0.677186537114412,1995-12
1996-01-01,Riyadh,1996,1,13.663548387096775,58.385161290322586,94.6083870967742,2.854516129032258,7.640000000000001,25.430000000000014,0.5551205638129318,1996-01
1996-02-01,Riyadh,1996,2,16.842758620689654,39.83344827586207,94.38724137931034,3.076206896551724,1.37,26.650000000000016,0.534432941299024,1996-02
1996-03-01,Riyadh,1996,3,20.668064516129032,40.77161290322581,94.15354838709678,2.979032258064516,17.630000000000003,26.64000000000002,0.46393253374539395,1996-03
1996-04-01,Riyadh,1996,4,25.456333333333337,31.082333333333334,94.19433333333333,3.0786666666666664,8.02,27.020000000000017,0.5483316510438692,1996-04
1996-05-01,Riyadh,1996,5,32.15225806451613,15.421612903225807,93.92548387096774,2.5393548387096776,0.0,25.650000000000016,0.7796042664653691,1996-05
1996-06-01,Riyadh,1996,6,33.934666666666665,13.721,93.53,3.3383333333333334,0.0,8.020000000000014,0.47109668663520526,1996-06
1996-07-01,Riyadh,1996,7,36.54354838709677,12.669032258064517,93.22387096774193,2.821290322580645,0.0,0.0,-0.8662307448481308,1996-07
1996-08-01,Riyadh,1996,8,35.62322580645161,14.714193548387096,93.39774193548386,3.0938709677419354,0.0,0.0,-0.3791917808836802,1996-08
1996-09-01,Riyadh,1996,9,31.363999999999997,16.749000000000002,93.85766666666667,2.553,0.0,0.0,-0.3487556955170447,1996-09
1996-10-01,Riyadh,1996,10,25.960967741935484,21.051935483870967,94.39193548387097,2.2158064516129032,0.0,0.0,-0.504889622010601,1996-10
1996-11-01,Riyadh,1996,11,18.91033333333333,38.686,94.75,2.0736666666666665,0.01,0.010000000000014211,-0.692713896841544,1996-11
1996-12-01,Riyadh,1996,12,15.712258064516128,39.54129032258064,94.86967741935484,2.353225806451613,0.0,0.010000000000014211,-1.1830643896852002,1996-12
1997-01-01,Riyadh,1997,1,14.164193548387097,36.61645161290322,94.70483870967742,2.710322580645161,0.69,0.7000000000000142,-1.2662290047087192,1997-01
1997-02-01,Riyadh,1997,2,14.738928571428572,24.75464285714286,94.74107142857143,2.815,0.0,0.6900000000000142,-1.22685295106282,1997-02
1997-03-01,Riyadh,1997,3,18.46548387096774,37.109032258064516,94.29677419354839,3.3506451612903225,9.21,9.900000000000015,-0.223878989422599,1997-03
1997-04-01,Riyadh,1997,4,24.676666666666666,23.556333333333335,94.21033333333334,2.9243333333333337,5.99,15.200000000000015,0.04468070249160488,1997-04
1997-05-01,Riyadh,1997,5,30.866129032258065,19.683548387096774,94.07483870967742,2.8077419354838713,0.28,15.480000000000015,0.33775879514792884,1997-05
1997-06-01,Riyadh,1997,6,35.139,10.932666666666668,93.51366666666667,2.9473333333333334,0.0,6.270000000000015,0.3046073754037211,1997-06
1997-07-01,Riyadh,1997,7,34.60870967741935,11.044516129032258,93.3616129032258,3.437741935483871,0.0,0.28000000000001424,0.16930808252117138,1997-07
1997-08-01,Riyadh,1997,8,33.77516129032258,13.175806451612903,93.61903225806452,3.4174193548387097,0.0,0.0,-0.3791917808836802,1997-08
1997-09-01,Riyadh,1997,9,32.47566666666667,13.783999999999999,93.97666666666667,2.2136666666666667,0.0,0.0,-0.3487556955170447,1997-09
1997-10-01,Riyadh,1997,10,27.91322580645161,29.346774193548388,94.45225806451613,2.3461290322580646,4.37,4.370000000000014,1.2653548545779576,1997-10
1997-11-01,Riyadh,1997,11,19.346,62.52933333333333,94.62166666666667,2.7030000000000003,17.61,21.980000000000015,1.269262345240817,1997-11
1997-12-01,Riyadh,1997,12,15.580967741935483,54.64354838709678,94.76967741935485,2.8406451612903227,3.4,25.380000000000013,0.9200012908897472,1997-12
1998-01-01,Riyadh,1998,1,12.537741935483872,56.568064516129034,94.70677419354838,2.8870967741935485,21.47,42.48000000000001,1.0214233979043614,1998-01
1998-02-01,Riyadh,1998,2,16.321785714285713,40.94678571428572,94.57785714285714,3.3082142857142856,0.19,25.060000000000013,0.48372015427066595,1998-02
1998-03-01,Riyadh,1998,3,20.203225806451613,34.53935483870968,94.40677419354839,3.330322580645161,3.0199999999999996,24.680000000000014,0.4026268028152156,1998-03
1998-04-01,Riyadh,1998,4,25.870333333333335,23.903000000000002,94.20966666666666,3.067,2.46,5.670000000000014,-0.6282226053074486,1998-04
1998-05-01,Riyadh,1998,5,32.3058064516129,17.871612903225806,93.9625806451613,2.708064516129032,0.07,5.550000000000013,-0.37112262863649587,1998-05
1998-06-01,Riyadh,1998,6,35.855000000000004,11.640666666666668,93.562,2.813,0.0,2.530000000000014,-0.20655156427251997,1998-06
1998-07-01,Riyadh,1998,7,36.3458064516129,13.293225806451614,93.24935483870968,3.065483870967742,0.0,0.07000000000001422,-0.020171990313763037,1998-07
1998-08-01,Riyadh,1998,8,37.23129032258065,17.09161290322581,93.36516129032259,2.782258064516129,0.0,0.0,-0.3791917808836802,1998-08
1998-09-01,Riyadh,1998,9,33.577,15.991666666666667,93.79333333333334,2.536,0.0,0.0,-0.3487556955170447,1998-09
1998-10-01,Riyadh,1998,10,26.77741935483871,18.72451612903226,94.33806451612904,2.1361290322580646,0.0,0.0,-0.504889622010601,1998-10
1998-11-01,Riyadh,1998,11,21.487333333333332,24.570666666666668,94.69733333333333,1.962,0.0,0.0,-1.2687073653921925,1998-11
1998-12-01,Riyadh,1998,12,17.721290322580646,31.460645161290323,94.83193548387096,2.0529032258064515,0.0,0.0,-1.6906216295848977,1998-12
1999-01-01,Riyadh,1999,1,14.269032258064517,41.65161290322581,94.6632258064516,2.703225806451613,5.18,5.180000000000014,-0.4770073305899146,1999-01
1999-02-01,Riyadh,1999,2,19.24285714285714,42.66857142857143,94.51178571428571,3.255,1.43,6.610000000000014,-0.3904793588899216,1999-02
1999-03-01,Riyadh,1999,3,20.294193548387096,25.405806451612904,94.2358064516129,3.1190322580645162,0.0,6.610000000000014,-0.45031353528810797,1999-03
1999-04-01,Riyadh,1999,4,27.72266666666667,16.955,94.15333333333334,3.1203333333333334,0.01,1.4400000000000142,-1.2828208690883354,1999-04
1999-05-01,Riyadh,1999,5,32.435483870967744,12.042903225806452,93.87838709677419,2.876774193548387,0.0,0.010000000000014211,-2.641817239676151,1999-05
1999-06-01,Riyadh,1999,6,35.29766666666667,9.465333333333332,93.50866666666667,2.8586666666666667,0.0,0.010000000000014211,-1.5376386435443317,1999-06
1999-07-01,Riyadh,1999,7,35.27935483870968,11.933870967741935,93.2683870967742,3.357741935483871,0.0,0.0,-0.8662307448481308,1999-07
1999-08-01,Riyadh,1999,8,36.03806451612903,13.276129032258064,93.36645161290323,3.0893548387096774,0.02,0.02000000000001421,0.6249079217517394,1999-08
1999-09-01,Riyadh,1999,9,32.85366666666667,16.533,93.788,2.686,0.0,0.02000000000001421,0.6950412208904433,1999-09
1999-10-01,Riyadh,1999,10,27.568709677419356,19.38064516129032,94.31225806451613,2.1548387096774193,0.0,0.02000000000001421,0.3983227652147629,1999-10
1999-11-01,Riyadh,1999,11,21.439,31.187666666666665,94.67266666666666,2.538,0.0,0.0,-1.2687073653921925,1999-11
1999-12-01,Riyadh,1999,12,15.420967741935485,39.670645161290324,94.91451612903225,2.1406451612903226,0.01,0.010000000000014211,-1.1830643896852002,1999-12
2000-01-01,Riyadh,2000,1,13.75516129032258,43.09096774193548,94.60645161290323,2.9332258064516132,1.2,1.2100000000000142,-1.0897722024585341,2000-01
2000-02-01,Riyadh,2000,2,16.075172413793105,27.978965517241377,94.60586206896552,2.9782758620689656,0.0,1.2100000000000142,-1.0755366264862745,2000-02
2000-03-01,Riyadh,2000,3,19.440322580645162,18.565483870967743,94.45322580645161,3.436451612903226,0.0,1.2000000000000142,-1.173630114554391,2000-03
2000-04-01,Riyadh,2000,4,28.575,19.540333333333333,94.11133333333333,2.768333333333333,0.0,0.0,-2.2779883330287345,2000-04
2000-05-01,Riyadh,2000,5,32.38741935483871,14.689677419354839,93.84516129032258,2.5403225806451615,3.16,3.1600000000000144,-0.6846168047986125,2000-05
2000-06-01,Riyadh,2000,6,33.550666666666665,9.620666666666667,93.51299999999999,2.802333333333333,0.0,3.1600000000000144,-0.09426682565576212,2000-06
2000-07-01,Riyadh,2000,7,36.27258064516129,10.389032258064516,93.17225806451613,2.990645161290322,0.0,3.1600000000000144,0.8931588359643503,2000-07
2000-08-01,Riyadh,2000,8,36.22451612903226,14.091935483870968,93.33032258064516,2.541612903225807,0.0,0.0,-0.3791917808836802,2000-08
2000-09-01,Riyadh,2000,9,31.145,14.599,93.85033333333334,2.5996666666666663,0.0,0.0,-0.3487556955170447,2000-09
2000-10-01,Riyadh,2000,10,27.22225806451613,22.609354838709677,94.30387096774194,2.7538709677419355,0.0,0.0,-0.504889622010601,2000-10
2000-11-01,Riyadh,2000,11,19.81833333333333,48.533,94.61033333333333,2.7186666666666666,15.969999999999999,15.970000000000013,1.0403011124443025,2000-11
2000-12-01,Riyadh,2000,12,15.180645161290323,42.509032258064515,94.73483870967742,2.6851612903225806,0.14,16.110000000000014,0.6148492100937477,2000-12
2001-01-01,Riyadh,2001,1,12.087096774193547,39.21645161290323,94.79225806451613,2.42,0.07,16.180000000000014,0.20791106188457587,2001-01
2001-02-01,Riyadh,2001,2,15.227857142857143,29.381071428571428,94.59142857142857,2.805357142857143,0.0,0.21000000000001423,-1.4500216351381343,2001-02
2001-03-01,Riyadh,2001,3,21.66741935483871,32.707741935483874,94.37161290322581,2.5232258064516127,8.309999999999999,8.380000000000013,-0.32050604579520753,2001-03
2001-04-01,Riyadh,2001,4,26.842,16.62933333333333,94.17666666666668,3.2823333333333333,0.81,9.120000000000013,-0.3294672335167656,2001-04
2001-05-01,Riyadh,2001,5,32.122903225806446,11.815483870967741,93.77612903225807,3.026774193548387,0.0,9.120000000000013,-0.05414955026616614,2001-05
2001-06-01,Riyadh,2001,6,33.21333333333333,9.503333333333334,93.45266666666666,3.8386666666666667,0.0,0.8100000000000143,-0.6812449992815945,2001-06
2001-07-01,Riyadh,2001,7,35.69064516129033,11.508709677419354,93.25290322580646,2.5029032258064516,0.0,0.0,-0.8662307448481308,2001-07
2001-08-01,Riyadh,2001,8,35.82967741935484,14.433870967741935,93.42677419354838,2.7880645161290323,0.0,0.0,-0.3791917808836802,2001-08
2001-09-01,Riyadh,2001,9,32.49066666666667,14.287,93.90533333333333,2.5180000000000002,0.0,0.0,-0.3487556955170447,2001-09
2001-10-01,Riyadh,2001,10,26.853870967741937,16.501290322580648,94.3158064516129,2.3138709677419356,0.01,0.010000000000014211,0.3726757935796313,2001-10
2001-11-01,Riyadh,2001,11,19.648,28.685333333333332,94.73233333333333,2.477333333333333,0.0,0.010000000000014211,-0.692713896841544,2001-11
2001-12-01,Riyadh,2001,12,18.614516129032257,44.192903225806454,94.73935483870967,2.964193548387097,0.77,0.7800000000000142,-0.5823844408295704,2001-12
2002-01-01,Riyadh,2002,1,13.273870967741935,40.50096774193548,94.8258064516129,2.7683870967741933,4.99,5.760000000000014,-0.4223159689073367,2002-01
2002-02-01,Riyadh,2002,2,16.041785714285716,29.70642857142857,94.77678571428571,2.7982142857142853,2.07,7.830000000000014,-0.2993497273719467,2002-02
2002-03-01,Riyadh,2002,3,21.176774193548386,32.79451612903226,94.37516129032258,2.8329032258064513,8.729999999999999,15.790000000000013,0.0737952154781742,2002-03
2002-04-01,Riyadh,2002,4,25.657333333333334,20.282666666666668,94.117,2.8256666666666663,1.6300000000000001,12.430000000000014,-0.10995112490094194,2002-04
2002-05-01,Riyadh,2002,5,32.5858064516129,12.405806451612902,93.76516129032258,2.9816129032258067,0.0,10.360000000000014,0.03461945494397001,2002-05
2002-06-01,Riyadh,2002,6,34.230000000000004,10.773666666666665,93.541,2.8856666666666664,0.0,1.6300000000000143,-0.40810521836633695,2002-06
2002-07-01,Riyadh,2002,7,36.13387096774194,10.730967741935485,93.43483870967742,2.4012903225806452,0.0,0.0,-0.8662307448481308,2002-07
2002-08-01,Riyadh,2002,8,34.902580645161294,12.636451612903226,93.47645161290322,3.081935483870968,0.0,0.0,-0.3791917808836802,2002-08
2002-09-01,Riyadh,2002,9,32.327333333333335,13.876666666666667,94.01733333333333,2.242,0.0,0.0,-0.3487556955170447,2002-09
2002-10-01,Riyadh,2002,10,27.883225806451613,16.578387096774193,94.34032258064516,2.0219354838709678,0.0,0.0,-0.504889622010601,2002-10
2002-11-01,Riyadh,2002,11,20.041333333333334,35.732,94.72133333333333,2.2520000000000002,0.03,0.03000000000001421,-0.6240011801792341,2002-11
2002-12-01,Riyadh,2002,12,15.438064516129032,47.26774193548387,94.75548387096775,2.899677419354839,1.22,1.2500000000000142,-0.45844912184723907,2002-12
2003-01-01,Riyadh,2003,1,13.676451612903227,37.54516129032258,94.81774193548387,2.5196774193548386,1.0499999999999998,2.300000000000014,-0.8475343562765512,2003-01
2003-02-01,Riyadh,2003,2,18.702499999999997,33.09928571428571,94.42642857142857,3.043214285714286,10.83,13.100000000000014,0.010032679655186885,2003-02
2003-03-01,Riyadh,2003,3,20.891935483870967,25.776774193548388,94.30935483870968,3.250967741935484,0.04,11.920000000000012,-0.11050591766576526,2003-03
2003-04-01,Riyadh,2003,4,27.593666666666664,21.382,94.14333333333335,3.1566666666666667,0.21,11.080000000000014,-0.19395660334969764,2003-04
2003-05-01,Riyadh,2003,5,32.05935483870968,14.06967741935484,94.01548387096774,2.973548387096774,0.0,0.2500000000000142,-1.730530763099135,2003-05
2003-06-01,Riyadh,2003,6,34.855333333333334,10.279666666666666,93.45733333333332,2.7826666666666666,0.0,0.2100000000000142,-1.0794052816617832,2003-06
2003-07-01,Riyadh,2003,7,35.66096774193549,11.109354838709677,93.28387096774195,3.1138709677419354,0.0,0.0,-0.8662307448481308,2003-07
2003-08-01,Riyadh,2003,8,36.39451612903226,13.500322580645161,93.39741935483872,2.356129032258065,0.0,0.0,-0.3791917808836802,2003-08
2003-09-01,Riyadh,2003,9,31.18433333333333,14.565666666666667,93.91833333333334,2.509,0.0,0.0,-0.3487556955170447,2003-09
2003-10-01,Riyadh,2003,10,27.008387096774193,19.093870967741935,94.41032258064516,2.4116129032258065,0.0,0.0,-0.504889622010601,2003-10
2003-11-01,Riyadh,2003,11,20.378,31.112000000000002,94.71499999999999,2.3770000000000002,0.55,0.5500000000000143,-0.24690404817812475,2003-11
2003-12-01,Riyadh,2003,12,15.533225806451613,58.02322580645161,94.84903225806453,2.5222580645161288,61.63,62.180000000000014,1.7045407158753485,2003-12
2004-01-01,Riyadh,2004,1,15.590967741935483,55.593548387096774,94.47935483870968,2.4938709677419357,25.220000000000002,87.40000000000002,1.8513241105109224,2004-01
2004-02-01,Riyadh,2004,2,15.482413793103449,36.779310344827586,94.77241379310345,2.8993103448275863,0.31000000000000005,87.16000000000003,1.7790955582675916,2004-02
2004-03-01,Riyadh,2004,3,21.103548387096776,22.312580645161294,94.53258064516129,2.6148387096774193,0.03,25.560000000000016,0.43053525050979846,2004-03
2004-04-01,Riyadh,2004,4,25.717333333333332,32.60066666666667,94.154,3.2939999999999996,12.700000000000001,13.040000000000015,-0.07403014233171616,2004-04
2004-05-01,Riyadh,2004,5,31.21451612903226,13.481290322580646,93.89451612903225,2.9316129032258065,0.0,12.730000000000015,0.1854097441367851,2004-05
2004-06-01,Riyadh,2004,6,33.812,11.046333333333333,93.65266666666666,3.1896666666666667,0.0,12.700000000000015,0.8229063325865174,2004-06
2004-07-01,Riyadh,2004,7,35.71612903225807,11.060645161290322,93.3358064516129,2.946774193548387,0.0,0.0,-0.8662307448481308,2004-07
2004-08-01,Riyadh,2004,8,35.280967741935484,12.82774193548387,93.48645161290322,2.6238709677419356,0.0,0.0,-0.3791917808836802,2004-08
2004-09-01,Riyadh,2004,9,31.57266666666667,14.408666666666667,93.94933333333333,2.392333333333333,0.0,0.0,-0.3487556955170447,2004-09
2004-10-01,Riyadh,2004,10,27.351612903225806,17.124193548387098,94.51387096774194,2.056451612903226,0.0,0.0,-0.504889622010601,2004-10
2004-11-01,Riyadh,2004,11,21.682333333333336,28.744666666666667,94.636,2.9403333333333332,0.02,0.02000000000001421,-0.652569847568342,2004-11
2004-12-01,Riyadh,2004,12,13.810645161290322,49.012258064516125,94.78096774193548,2.6580645161290324,7.23,7.250000000000014,0.18390704547393327,2004-12
2005-01-01,Riyadh,2005,1,13.343548387096773,41.99161290322581,94.72935483870968,2.7825806451612904,0.26,7.510000000000014,-0.2782855935641699,2005-01
2005-02-01,Riyadh,2005,2,16.5775,38.9925,94.47321428571429,2.6371428571428575,23.39,30.880000000000017,0.6605315930705324,2005-02
2005-03-01,Riyadh,2005,3,20.76225806451613,37.255806451612905,94.44032258064516,3.1716129032258062,2.71,26.360000000000017,0.4553609762156563,2005-03
2005-04-01,Riyadh,2005,4,26.85,24.364666666666665,94.28166666666667,3.0353333333333334,0.39,26.490000000000016,0.5292848527725313,2005-04
2005-05-01,Riyadh,2005,5,31.07225806451613,15.110967741935484,93.93032258064517,2.7519354838709678,0.03,3.130000000000014,-0.6895726871931325,2005-05
2005-06-01,Riyadh,2005,6,34.273,10.919,93.58633333333334,3.002666666666667,0.0,0.42000000000001425,-0.893833050698192,2005-06
2005-07-01,Riyadh,2005,7,35.8558064516129,12.426129032258064,93.37032258064517,3.614193548387097,0.0,0.03000000000001421,-0.0950711164424282,2005-07
2005-08-01,Riyadh,2005,8,35.34096774193548,12.630645161290323,93.4558064516129,2.7348387096774194,0.0,0.0,-0.3791917808836802,2005-08
2005-09-01,Riyadh,2005,9,31.63,13.985333333333333,93.87833333333333,2.4743333333333335,0.06,0.06000000000001421,0.7649349716586898,2005-09
2005-10-01,Riyadh,2005,10,26.16483870967742,18.1858064516129,94.46774193548387,2.028064516129032,0.0,0.06000000000001421,0.45650300804875704,2005-10
2005-11-01,Riyadh,2005,11,21.648666666666667,33.92,94.61366666666666,2.6199999999999997,0.99,1.0500000000000143,-0.1010001921340532,2005-11
2005-12-01,Riyadh,2005,12,17.07193548387097,30.985806451612902,94.77677419354839,2.2374193548387096,0.0,0.9900000000000142,-0.521766933691601,2005-12
2006-01-01,Riyadh,2006,1,14.21516129032258,41.14129032258065,94.70935483870967,2.8751612903225805,0.02,1.0100000000000142,-1.1509070554467313,2006-01
2006-02-01,Riyadh,2006,2,17.376785714285713,37.651785714285715,94.56535714285714,3.1625,1.85,1.8700000000000143,-0.9347953792730476,2006-02
2006-03-01,Riyadh,2006,3,21.04225806451613,26.852580645161293,94.33258064516129,2.6658064516129034,0.22,2.0900000000000145,-0.9734241529447621,2006-03
2006-04-01,Riyadh,2006,4,26.17366666666667,25.243,94.131,2.808333333333333,2.75,4.8200000000000145,-0.7208788080546005,2006-04
2006-05-01,Riyadh,2006,5,32.73741935483871,16.23741935483871,93.91548387096775,2.5280645161290325,0.0,2.9700000000000144,-0.7166426202793533,2006-05
2006-06-01,Riyadh,2006,6,34.844,8.97,93.57433333333333,2.6363333333333334,0.0,2.750000000000014,-0.16531724960429806,2006-06
2006-07-01,Riyadh,2006,7,35.3941935483871,12.041612903225808,93.35612903225807,3.043225806451613,0.0,0.0,-0.8662307448481308,2006-07
2006-08-01,Riyadh,2006,8,36.130322580645164,13.390645161290323,93.34903225806453,2.6548387096774193,0.0,0.0,-0.3791917808836802,2006-08
2006-09-01,Riyadh,2006,9,31.445333333333334,13.651,93.88333333333334,2.3123333333333336,0.0,0.0,-0.3487556955170447,2006-09
2006-10-01,Riyadh,2006,10,27.833548387096776,20.279032258064515,94.39,2.7706451612903225,0.0,0.0,-0.504889622010601,2006-10
2006-11-01,Riyadh,2006,11,20.559,43.45366666666666,94.58233333333334,2.7,15.68,15.680000000000014,1.0280558092121141,2006-11
2006-12-01,Riyadh,2006,12,11.641935483870967,50.76548387096774,94.81258064516129,2.900645161290323,7.699999999999999,23.380000000000013,0.8610260381607358,2006-12
2007-01-01,Riyadh,2007,1,11.318064516129033,45.30290322580645,95.00645161290322,2.5677419354838706,0.5900000000000001,23.970000000000013,0.5066478657218461,2007-01
2007-02-01,Riyadh,2007,2,16.720357142857143,41.37428571428571,94.42785714285715,2.9575,9.81,18.100000000000016,0.23299559532026434,2007-02
2007-03-01,Riyadh,2007,3,21.133548387096774,26.164193548387097,94.26354838709678,2.9670967741935486,1.41,11.810000000000015,-0.11631716754468312,2007-03
2007-04-01,Riyadh,2007,4,26.98,24.072,94.12433333333334,3.567333333333333,0.64,11.860000000000015,-0.14461936550187995,2007-04
2007-05-01,Riyadh,2007,5,32.52451612903226,15.255806451612903,93.91161290322582,2.7061290322580644,0.05,2.1000000000000143,-0.8878362468882625,2007-05
2007-06-01,Riyadh,2007,6,34.83133333333333,11.214,93.382,3.492,0.0,0.6900000000000143,-0.7367596632654598,2007-06
2007-07-01,Riyadh,2007,7,35.14483870967742,11.874193548387098,93.32677419354839,3.160322580645161,0.0,0.050000000000014214,-0.05284730156365442,2007-07
2007-08-01,Riyadh,2007,8,35.707741935483874,12.493870967741936,93.37,2.714193548387097,0.0,0.0,-0.3791917808836802,2007-08
2007-09-01,Riyadh,2007,9,32.291666666666664,14.239333333333333,93.74433333333333,2.5536666666666665,0.0,0.0,-0.3487556955170447,2007-09
2007-10-01,Riyadh,2007,10,26.753225806451614,19.029032258064515,94.45612903225806,2.071935483870968,0.0,0.0,-0.504889622010601,2007-10
2007-11-01,Riyadh,2007,11,20.74866666666667,26.71966666666667,94.67033333333333,2.3343333333333334,0.0,0.0,-1.2687073653921925,2007-11
2007-12-01,Riyadh,2007,12,15.438709677419356,38.13935483870968,94.78645161290324,2.536774193548387,0.0,0.0,-1.6906216295848977,2007-12
2008-01-01,Riyadh,2008,1,12.573870967741936,41.79451612903226,94.65870967741935,2.8280645161290323,0.4,0.40000000000001423,-1.4209140020251885,2008-01
2008-02-01,Riyadh,2008,2,14.084137931034483,24.66896551724138,94.9203448275862,3.220689655172414,0.0,0.40000000000001423,-1.3441972514751754,2008-02
2008-03-01,Riyadh,2008,3,22.498709677419356,13.633548387096774,94.31903225806451,2.973225806451613,0.0,0.40000000000001423,-1.4884075652990731,2008-03
2008-04-01,Riyadh,2008,4,27.08566666666667,18.183333333333334,94.15599999999999,2.7723333333333335,0.5,0.5000000000000142,-1.6140872759098441,2008-04
2008-05-01,Riyadh,2008,5,32.3041935483871,15.816774193548387,93.80064516129033,3.0503225806451613,0.1,0.6000000000000142,-1.4186259711673914,2008-05
2008-06-01,Riyadh,2008,6,33.57966666666667,10.654333333333334,93.49033333333334,3.801,0.0,0.6000000000000142,-0.7831863764526287,2008-06
2008-07-01,Riyadh,2008,7,35.53741935483871,11.137096774193548,93.24354838709678,3.0648387096774194,0.0,0.10000000000001422,0.01938312027655234,2008-07
2008-08-01,Riyadh,2008,8,35.49677419354839,13.570967741935483,93.35354838709678,2.7516129032258063,0.0,0.0,-0.3791917808836802,2008-08
2008-09-01,Riyadh,2008,9,32.907000000000004,16.822666666666667,93.84633333333333,2.131,0.0,0.0,-0.3487556955170447,2008-09
2008-10-01,Riyadh,2008,10,26.493225806451612,25.932258064516127,94.41967741935483,2.533225806451613,0.0,0.0,-0.504889622010601,2008-10
2008-11-01,Riyadh,2008,11,19.533333333333335,42.50366666666666,94.69333333333334,2.509666666666667,8.99,8.990000000000014,0.6959777159015557,2008-11
2008-12-01,Riyadh,2008,12,12.961612903225806,33.32064516129032,94.83935483870968,2.3248387096774192,0.0,8.990000000000014,0.2888985402660917,2008-12
2009-01-01,Riyadh,2009,1,12.995483870967742,32.670967741935485,94.79870967741935,2.6261290322580644,0.0,8.990000000000014,-0.17421310506089083,2009-01
2009-02-01,Riyadh,2009,2,18.061785714285715,27.707857142857144,94.49285714285715,2.9917857142857143,0.5800000000000001,0.5800000000000143,-1.2672293178682463,2009-02
2009-03-01,Riyadh,2009,3,20.405161290322578,25.5,94.30645161290323,3.2077419354838708,0.12,0.7000000000000143,-1.340903900020482,2009-03
2009-04-01,Riyadh,2009,4,26.025666666666666,24.113,94.12633333333333,3.183333333333333,6.1899999999999995,6.890000000000014,-0.5109066983153301,2009-04
2009-05-01,Riyadh,2009,5,32.51387096774194,14.92483870967742,93.91516129032257,2.7912903225806454,0.0,6.310000000000014,-0.2932705157061114,2009-05
2009-06-01,Riyadh,2009,6,34.964000000000006,10.553666666666667,93.67033333333333,2.481333333333333,0.0,6.190000000000014,0.29629458029671507,2009-06
2009-07-01,Riyadh,2009,7,35.2758064516129,12.463225806451613,93.36290322580645,3.217741935483871,0.0,0.0,-0.8662307448481308,2009-07
2009-08-01,Riyadh,2009,8,35.41612903225807,14.303870967741936,93.53096774193548,2.7696774193548386,0.0,0.0,-0.3791917808836802,2009-08
2009-09-01,Riyadh,2009,9,32.53433333333333,15.232333333333333,93.92466666666665,2.3976666666666664,0.0,0.0,-0.3487556955170447,2009-09
2009-10-01,Riyadh,2009,10,26.77516129032258,17.653870967741934,94.37,2.591290322580645,0.0,0.0,-0.504889622010601,2009-10
2009-11-01,Riyadh,2009,11,21.562333333333335,35.35666666666667,94.53966666666666,2.744666666666667,0.96,0.9600000000000142,-0.12312610022128191,2009-11
2009-12-01,Riyadh,2009,12,15.934516129032259,48.82774193548387,94.6458064516129,2.5567741935483874,8.93,9.890000000000015,0.33789176926412634,2009-12
2010-01-01,Riyadh,2010,1,14.843225806451612,34.62322580645161,94.87677419354839,2.641935483870968,0.0,9.890000000000015,-0.1167381205589193,2010-01
2010-02-01,Riyadh,2010,2,18.679285714285715,25.14428571428571,94.43464285714286,2.755357142857143,0.0,8.930000000000014,-0.22515186842654358,2010-02
2010-03-01,Riyadh,2010,3,22.583548387096776,17.656129032258065,94.50354838709679,2.58,0.0,0.0,-2.2779883330287345,2010-03
2010-04-01,Riyadh,2010,4,27.352666666666668,26.872,94.23266666666667,3.3253333333333335,3.3899999999999992,3.3900000000000134,-0.9068048776846963,2010-04
2010-05-01,Riyadh,2010,5,31.588064516129034,22.58451612903226,93.88064516129033,2.7229032258064514,11.01,14.400000000000013,0.28032354259675124,2010-05
2010-06-01,Riyadh,2010,6,35.437,11.018333333333334,93.58099999999999,3.0733333333333333,0.0,14.400000000000013,0.9296999957014542,2010-06
2010-07-01,Riyadh,2010,7,36.48870967741936,12.556129032258065,93.27580645161291,3.293225806451613,0.0,11.010000000000014,1.6866553656818126,2010-07
2010-08-01,Riyadh,2010,8,36.53032258064516,14.419677419354839,93.33645161290322,2.4761290322580645,0.47000000000000003,0.47000000000001424,1.0518358066226006,2010-08
2010-09-01,Riyadh,2010,9,32.542,15.009666666666668,93.82766666666666,2.4073333333333333,0.0,0.47000000000001424,1.0874486231984586,2010-09
2010-10-01,Riyadh,2010,10,27.746129032258064,19.711612903225806,94.27161290322582,2.016451612903226,0.0,0.47000000000001424,0.6685872963102097,2010-10
2010-11-01,Riyadh,2010,11,19.055333333333333,24.85,94.67766666666667,1.9476666666666667,0.0,0.0,-1.2687073653921925,2010-11
2010-12-01,Riyadh,2010,12,14.890322580645162,29.37,94.71129032258065,2.0841935483870966,0.0,0.0,-1.6906216295848977,2010-12
2011-01-01,Riyadh,2011,1,14.013225806451613,54.12677419354839,94.61903225806452,2.489032258064516,36.89,36.890000000000015,0.8844212664234159,2011-01
2011-02-01,Riyadh,2011,2,16.29607142857143,41.73321428571428,94.37607142857144,2.748214285714286,0.0,36.890000000000015,0.8220565218729566,2011-02
2011-03-01,Riyadh,2011,3,19.588387096774195,30.936129032258062,94.5158064516129,3.2687096774193547,5.0,41.890000000000015,0.8625268084368551,2011-03
2011-04-01,Riyadh,2011,4,25.774,27.531333333333336,94.08366666666667,3.3680000000000003,16.15,21.150000000000013,0.3218148299074887,2011-04
2011-05-01,Riyadh,2011,5,31.953548387096777,19.620322580645162,93.92032258064516,2.984516129032258,3.24,24.390000000000015,0.7320220748374662,2011-05
2011-06-01,Riyadh,2011,6,34.656333333333336,11.656,93.47366666666667,2.9433333333333334,0.0,19.390000000000015,1.2037885870434932,2011-06
2011-07-01,Riyadh,2011,7,35.72741935483871,12.280645161290321,93.27354838709678,3.1248387096774195,0.0,3.2400000000000144,0.9050931686023815,2011-07
2011-08-01,Riyadh,2011,8,35.769677419354835,12.005483870967742,93.31967741935483,2.613225806451613,0.0,0.0,-0.3791917808836802,2011-08
2011-09-01,Riyadh,2011,9,32.36,14.692333333333332,93.75133333333333,2.5476666666666667,0.0,0.0,-0.3487556955170447,2011-09
2011-10-01,Riyadh,2011,10,26.32451612903226,20.450322580645164,94.34064516129033,2.122258064516129,0.0,0.0,-0.504889622010601,2011-10
2011-11-01,Riyadh,2011,11,18.729333333333333,36.501666666666665,94.50866666666666,3.048,9.38,9.380000000000015,0.7188533579043161,2011-11
2011-12-01,Riyadh,2011,12,12.537419354838711,33.84451612903226,94.94096774193548,2.0893548387096774,0.0,9.380000000000015,0.3105137611360969,2011-12
2012-01-01,Riyadh,2012,1,14.132903225806452,35.61451612903225,94.63645161290323,2.782258064516129,0.0,9.380000000000015,-0.14883228106982402,2012-01
2012-02-01,Riyadh,2012,2,15.681724137931035,26.768275862068965,94.55103448275862,3.0586206896551724,0.0,0.0,-1.9907204615820324,2012-02
2012-03-01,Riyadh,2012,3,18.858387096774194,24.143225806451614,94.50129032258064,3.061935483870968,0.74,0.7400000000000142,-1.324831399469344,2012-03
2012-04-01,Riyadh,2012,4,26.046,31.469333333333335,94.09200000000001,2.981666666666667,5.61,6.350000000000015,-0.5608782211484067,2012-04
2012-05-01,Riyadh,2012,5,33.15741935483871,13.481290322580646,93.89774193548386,3.0148387096774196,0.0,6.350000000000015,-0.2893685515042219,2012-05
2012-06-01,Riyadh,2012,6,34.458333333333336,10.293333333333333,93.51966666666667,3.115333333333333,0.0,5.6100000000000145,0.23376213969743678,2012-06
2012-07-01,Riyadh,2012,7,36.63129032258065,12.352580645161291,93.2058064516129,2.9506451612903226,0.0,0.0,-0.8662307448481308,2012-07
2012-08-01,Riyadh,2012,8,35.66548387096775,13.864193548387098,93.42096774193548,3.2074193548387093,0.0,0.0,-0.3791917808836802,2012-08
2012-09-01,Riyadh,2012,9,31.699,14.601666666666667,93.863,2.5989999999999998,0.0,0.0,-0.3487556955170447,2012-09
2012-10-01,Riyadh,2012,10,27.280322580645162,20.40258064516129,94.38419354838709,2.420967741935484,0.0,0.0,-0.504889622010601,2012-10
2012-11-01,Riyadh,2012,11,20.681,35.25233333333333,94.58566666666667,2.4459999999999997,9.26,9.260000000000014,0.7118780198395834,2012-11
2012-12-01,Riyadh,2012,12,15.814516129032258,53.230645161290326,94.67,2.829354838709677,12.78,22.040000000000013,0.8197285292680688,2012-12
2013-01-01,Riyadh,2013,1,14.85225806451613,35.255806451612905,94.76064516129033,2.8009677419354837,0.01,22.050000000000015,0.4398549852124313,2013-01
2013-02-01,Riyadh,2013,2,16.742857142857144,26.355357142857144,94.67964285714287,2.801428571428571,0.05,12.840000000000014,-0.0030155465305570384,2013-02
2013-03-01,Riyadh,2013,3,21.758709677419354,24.121612903225806,94.38516129032259,3.0077419354838706,0.09,0.1500000000000142,-1.687760160724347,2013-03
2013-04-01,Riyadh,2013,4,25.974333333333334,26.730666666666664,94.01866666666666,3.329,14.88,15.020000000000016,0.035241457592597274,2013-04
2013-05-01,Riyadh,2013,5,30.149032258064516,23.096774193548388,93.92806451612903,2.765806451612903,0.0,14.970000000000015,0.31098805244192107,2013-05
2013-06-01,Riyadh,2013,6,33.105,11.510333333333334,93.50166666666668,3.7823333333333333,0.0,14.880000000000015,0.9584077957152376,2013-06
2013-07-01,Riyadh,2013,7,35.72806451612903,11.193870967741935,93.20354838709677,3.614516129032258,0.0,0.0,-0.8662307448481308,2013-07
2013-08-01,Riyadh,2013,8,34.72193548387097,13.235806451612904,93.40612903225806,2.8522580645161293,0.0,0.0,-0.3791917808836802,2013-08
2013-09-01,Riyadh,2013,9,31.785,14.939666666666666,93.86266666666667,2.356,0.0,0.0,-0.3487556955170447,2013-09
2013-10-01,Riyadh,2013,10,25.667096774193546,18.787419354838708,94.3541935483871,2.4093548387096773,0.0,0.0,-0.504889622010601,2013-10
2013-11-01,Riyadh,2013,11,20.471,43.109,94.566,2.8113333333333332,10.23,10.230000000000015,0.7667635883650237,2013-11
2013-12-01,Riyadh,2013,12,14.291612903225808,38.77645161290322,94.87741935483871,2.6835483870967742,0.0,10.230000000000015,0.3556248103973644,2013-12
2014-01-01,Riyadh,2014,1,13.21032258064516,54.76032258064516,94.81870967741936,2.6948387096774193,37.52,47.750000000000014,1.140597574582194,2014-01
2014-02-01,Riyadh,2014,2,14.781071428571428,38.38035714285714,94.56857142857143,2.8410714285714285,0.0,37.52000000000002,0.8379987551318695,2014-02
2014-03-01,Riyadh,2014,3,21.524838709677418,29.156129032258065,94.32903225806452,3.218709677419355,1.28,38.800000000000026,0.7904424109608688,2014-03
2014-04-01,Riyadh,2014,4,27.736333333333334,18.031,94.25399999999999,2.972666666666667,0.0,1.2800000000000142,-1.3267205474589234,2014-04
2014-05-01,Riyadh,2014,5,31.876129032258063,14.382903225806452,93.96677419354837,2.8187096774193545,0.0,1.2800000000000142,-1.1121584628459562,2014-05
2014-06-01,Riyadh,2014,6,33.79566666666667,11.167666666666667,93.64433333333334,3.2760000000000002,0.0,0.0,-2.00042356910598,2014-06
2014-07-01,Riyadh,2014,7,35.41193548387097,11.346451612903227,93.40870967741935,3.4212903225806452,0.0,0.0,-0.8662307448481308,2014-07
2014-08-01,Riyadh,2014,8,35.417419354838714,14.268064516129032,93.47967741935483,3.0851612903225805,0.0,0.0,-0.3791917808836802,2014-08
2014-09-01,Riyadh,2014,9,32.206,15.982666666666667,93.83933333333333,2.347666666666667,0.0,0.0,-0.3487556955170447,2014-09
2014-10-01,Riyadh,2014,10,27.421612903225807,23.557096774193546,94.3958064516129,2.4448387096774193,0.0,0.0,-0.504889622010601,2014-10
2014-11-01,Riyadh,2014,11,19.643666666666665,37.29533333333334,94.69566666666667,2.6510000000000002,6.24,6.240000000000014,0.5138194241964666,2014-11
2014-12-01,Riyadh,2014,12,15.578709677419354,40.72129032258065,94.95258064516129,1.9251612903225805,0.49,6.730000000000015,0.1492452763269973,2014-12
2015-01-01,Riyadh,2015,1,13.458387096774192,28.985806451612902,94.85774193548387,2.551612903225806,0.54,7.270000000000015,-0.29650648707843624,2015-01
2015-02-01,Riyadh,2015,2,18.514999999999997,24.602857142857143,94.46249999999999,2.87,0.0,1.0300000000000142,-1.1222852826895835,2015-02
2015-03-01,Riyadh,2015,3,22.085806451612903,32.22354838709677,94.44580645161291,2.9616129032258067,9.39,9.930000000000014,-0.22208118086294637,2015-03
2015-04-01,Riyadh,2015,4,26.815333333333335,15.957333333333334,94.286,3.4873333333333334,0.0,9.390000000000015,-0.3096768110709204,2015-04
2015-05-01,Riyadh,2015,5,32.66612903225806,16.595806451612905,93.97741935483872,3.06,0.0,9.390000000000015,-0.03412493896628566,2015-05
2015-06-01,Riyadh,2015,6,34.50866666666666,10.975666666666665,93.61466666666666,3.372,0.0,0.0,-2.00042356910598,2015-06
2015-07-01,Riyadh,2015,7,36.0958064516129,11.404193548387095,93.38064516129033,3.4629032258064516,0.0,0.0,-0.8662307448481308,2015-07
2015-08-01,Riyadh,2015,8,36.377096774193554,12.503870967741936,93.56129032258065,2.629032258064516,0.0,0.0,-0.3791917808836802,2015-08
2015-09-01,Riyadh,2015,9,32.690666666666665,16.319666666666667,93.983,2.2993333333333337,0.0,0.0,-0.3487556955170447,2015-09
2015-10-01,Riyadh,2015,10,29.03,23.33516129032258,94.39354838709677,2.4367741935483873,0.0,0.0,-0.504889622010601,2015-10
2015-11-01,Riyadh,2015,11,20.846,46.789,94.66266666666667,2.7423333333333333,11.72,11.720000000000015,0.8452019981452793,2015-11
2015-12-01,Riyadh,2015,12,14.149032258064516,47.810322580645156,94.97419354838709,2.7145161290322584,6.02,17.740000000000016,0.6753869778891969,2015-12
2016-01-01,Riyadh,2016,1,14.209354838709677,41.83032258064516,94.86967741935484,2.4325806451612904,0.02,17.760000000000016,0.2752542768811007,2016-01
2016-02-01,Riyadh,2016,2,16.103448275862068,33.39896551724138,94.85172413793103,2.7813793103448274,7.85,13.890000000000013,0.04864641440182861,2016-02
2016-03-01,Riyadh,2016,3,21.758064516129032,35.13322580645162,94.41,3.164193548387097,7.98,15.850000000000014,0.07639298106251616,2016-03
2016-04-01,Riyadh,2016,4,25.282,31.193666666666665,94.24966666666666,2.606333333333333,1.96,17.790000000000013,0.17287783134229903,2016-04
2016-05-01,Riyadh,2016,5,31.983870967741936,17.853225806451615,93.9716129032258,3.00258064516129,0.02,9.960000000000015,0.006846153475043976,2016-05
2016-06-01,Riyadh,2016,6,34.352999999999994,11.616000000000001,93.69366666666666,2.7239999999999998,0.0,1.9800000000000142,-0.32207905789899,2016-06
2016-07-01,Riyadh,2016,7,36.62451612903225,12.976774193548389,93.31451612903226,3.2051612903225806,0.0,0.02000000000001421,-0.12318085465960515,2016-07
2016-08-01,Riyadh,2016,8,36.27225806451613,12.295806451612904,93.4683870967742,2.7938709677419356,0.0,0.0,-0.3791917808836802,2016-08
2016-09-01,Riyadh,2016,9,32.678000000000004,16.003666666666668,93.88433333333334,2.451,0.0,0.0,-0.3487556955170447,2016-09
2016-10-01,Riyadh,2016,10,25.956774193548387,15.70032258064516,94.38677419354838,1.897741935483871,0.0,0.0,-0.504889622010601,2016-10
2016-11-01,Riyadh,2016,11,19.76966666666667,33.34466666666667,94.78033333333333,2.2633333333333336,27.07,27.070000000000014,1.4359521884774158,2016-11
2016-12-01,Riyadh,2016,12,15.782580645161291,45.273548387096774,94.86999999999999,2.4035483870967744,0.06,27.130000000000013,0.96928013741195,2016-12
2017-01-01,Riyadh,2017,1,15.082258064516129,35.096774193548384,94.73387096774194,2.6896774193548385,0.0,27.130000000000013,0.609323388731303,2017-01
2017-02-01,Riyadh,2017,2,14.047142857142857,38.44428571428572,94.78,2.8017857142857143,9.2,9.260000000000014,-0.2041126104308508,2017-02
2017-03-01,Riyadh,2017,3,21.604193548387098,35.71483870967742,94.30516129032259,3.1896774193548385,1.24,10.440000000000014,-0.19208824209932443,2017-03
2017-04-01,Riyadh,2017,4,28.011666666666667,18.242666666666665,94.279,3.2046666666666668,0.66,11.100000000000014,-0.19266230982961244,2017-04
2017-05-01,Riyadh,2017,5,33.07322580645161,18.294516129032257,93.99064516129032,2.708064516129032,0.0,1.9000000000000141,-0.9349765229881086,2017-05
2017-06-01,Riyadh,2017,6,34.77366666666667,10.454666666666666,93.62899999999999,3.473666666666667,0.0,0.6600000000000142,-0.7517204668202244,2017-06
2017-07-01,Riyadh,2017,7,37.41161290322581,10.66,93.2432258064516,3.2532258064516126,0.0,0.0,-0.8662307448481308,2017-07
2017-08-01,Riyadh,2017,8,36.61096774193548,13.904516129032258,93.38548387096773,2.708387096774193,0.0,0.0,-0.3791917808836802,2017-08
2017-09-01,Riyadh,2017,9,32.614,13.410666666666666,93.89333333333335,2.4050000000000002,0.0,0.0,-0.3487556955170447,2017-09
2017-10-01,Riyadh,2017,10,27.65064516129032,18.71193548387097,94.34645161290322,2.17,0.0,0.0,-0.504889622010601,2017-10
2017-11-01,Riyadh,2017,11,20.567,35.561,94.65966666666667,2.2030000000000003,9.07,9.070000000000014,0.7007191880778335,2017-11
2017-12-01,Riyadh,2017,12,13.864193548387098,32.62935483870968,95.01741935483871,2.293548387096774,0.0,9.070000000000014,0.2933828906607075,2017-12
2018-01-01,Riyadh,2018,1,13.360322580645162,30.596774193548388,94.74612903225807,2.571935483870968,0.0,9.070000000000014,-0.16894444219408986,2018-01
2018-02-01,Riyadh,2018,2,18.510357142857142,28.421071428571427,94.54178571428572,2.662857142857143,2.9,2.900000000000014,-0.7701721715131582,2018-02
2018-03-01,Riyadh,2018,3,23.40774193548387,22.67290322580645,94.40387096774194,2.725806451612903,0.0,2.900000000000014,-0.840589644680117,2018-03
2018-04-01,Riyadh,2018,4,26.550666666666665,27.958000000000002,94.09933333333333,3.3473333333333333,7.7700000000000005,10.670000000000014,-0.22085015377361913,2018-04
2018-05-01,Riyadh,2018,5,31.322580645161292,17.565483870967743,93.94999999999999,3.004516129032258,0.04,7.810000000000015,-0.15781391895301158,2018-05
2018-06-01,Riyadh,2018,6,35.284666666666666,12.898666666666667,93.54233333333333,3.619333333333333,0.0,7.810000000000015,0.4524739511931398,2018-06
2018-07-01,Riyadh,2018,7,35.98290322580645,12.218064516129031,93.27935483870968,3.7745161290322584,0.0,0.0400000000000151,-0.07231001896569544,2018-07
2018-08-01,Riyadh,2018,8,35.18193548387097,13.425483870967742,93.43612903225807,3.3851612903225807,0.0,0.0,-0.3791917808836802,2018-08
2018-09-01,Riyadh,2018,9,34.044333333333334,15.203666666666667,93.883,2.5233333333333334,0.0,0.0,-0.3487556955170447,2018-09
2018-10-01,Riyadh,2018,10,27.644193548387097,28.719354838709677,94.46096774193548,2.185483870967742,6.49,6.490000000000015,1.455120126293633,2018-10
2018-11-01,Riyadh,2018,11,20.978666666666665,48.07166666666667,94.65,2.767333333333333,12.24,18.730000000000015,1.150786611191303,2018-11
2018-12-01,Riyadh,2018,12,16.693870967741937,52.6958064516129,94.82806451612903,2.3729032258064517,15.19,33.920000000000016,1.1439001420804205,2018-12
2019-01-01,Riyadh,2019,1,16.37677419354839,38.1641935483871,94.77677419354839,2.9922580645161294,0.0,27.430000000000014,0.618657302044439,2019-01
2019-02-01,Riyadh,2019,2,16.49642857142857,35.65785714285714,94.62428571428572,3.2396428571428575,4.1,19.290000000000013,0.2798617212211173,2019-02
2019-03-01,Riyadh,2019,3,19.160967741935483,27.14548387096774,94.37354838709678,3.3480645161290323,0.04,4.140000000000016,-0.6825305373613231,2019-03
2019-04-01,Riyadh,2019,4,25.165666666666667,26.146666666666665,94.221,3.0116666666666663,4.38,8.520000000000016,-0.3749434338494654,2019-04
2019-05-01,Riyadh,2019,5,31.596774193548388,21.166451612903224,94.03774193548388,2.5274193548387096,1.62,6.040000000000016,-0.32009507727654607,2019-05
2019-06-01,Riyadh,2019,6,36.085,11.592,93.62833333333333,2.817333333333333,0.0,6.000000000000016,0.27625963041936114,2019-06
2019-07-01,Riyadh,2019,7,36.1658064516129,12.371612903225806,93.33258064516129,3.859677419354839,0.0,1.620000000000016,0.6173760191936133,2019-07
2019-08-01,Riyadh,2019,8,35.748709677419356,12.980645161290322,93.46419354838709,3.3364516129032262,0.0,0.0,-0.3791917808836802,2019-08
2019-09-01,Riyadh,2019,9,33.657000000000004,16.588,93.848,2.365666666666667,0.0,0.0,-0.3487556955170447,2019-09
2019-10-01,Riyadh,2019,10,29.265806451612903,22.893548387096775,94.28193548387098,2.498709677419355,0.0,0.0,-0.504889622010601,2019-10
2019-11-01,Riyadh,2019,11,20.997666666666664,40.79666666666667,94.62366666666667,2.5393333333333334,9.120000000000001,9.120000000000017,0.7036695521729739,2019-11
2019-12-01,Riyadh,2019,12,16.333225806451612,44.12129032258064,94.70451612903226,2.718709677419355,0.73,9.850000000000017,0.33577898681313134,2019-12
2020-01-01,Riyadh,2020,1,13.33516129032258,38.89645161290323,94.74741935483871,3.00258064516129,2.8699999999999997,12.720000000000017,0.04302729488565686,2020-01
2020-02-01,Riyadh,2020,2,17.066206896551726,27.91689655172414,94.70620689655172,3.090344827586207,0.0,3.6000000000000156,-0.6799487297282749,2020-02
2020-03-01,Riyadh,2020,3,21.015483870967742,24.636129032258065,94.30516129032259,3.0038709677419355,0.03,2.9000000000000155,-0.840589644680117,2020-03
2020-04-01,Riyadh,2020,4,26.616333333333333,32.157666666666664,94.116,3.3430000000000004,28.93,28.960000000000015,0.616058129283881,2020-04
2020-05-01,Riyadh,2020,5,31.36806451612903,17.64290322580645,94.06032258064516,2.8499999999999996,0.27,29.230000000000015,0.907071578178511,2020-05
2020-06-01,Riyadh,2020,6,35.010999999999996,11.749666666666666,93.59633333333333,3.022666666666667,0.0,29.200000000000014,1.6372474714158045,2020-06
2020-07-01,Riyadh,2020,7,37.420967741935485,15.077419354838709,93.20387096774193,2.9741935483870967,0.07,0.34000000000001424,0.20491533630701203,2020-07
2020-08-01,Riyadh,2020,8,35.36451612903225,13.65709677419355,93.29612903225807,3.2961290322580648,0.0,0.07000000000001422,0.7126500611682889,2020-08
2020-09-01,Riyadh,2020,9,32.675333333333334,14.731666666666666,93.856,2.3476666666666666,0.0,0.07000000000001422,0.7784738850322577,2020-09
2020-10-01,Riyadh,2020,10,25.148387096774194,17.405161290322578,94.4132258064516,2.0451612903225804,0.0,0.0,-0.504889622010601,2020-10
2020-11-01,Riyadh,2020,11,21.271666666666665,35.599333333333334,94.63933333333333,2.667333333333333,4.95,4.950000000000014,0.41049032545430336,2020-11
2020-12-01,Riyadh,2020,12,15.518064516129032,48.190322580645166,94.84548387096774,2.315483870967742,2.27,7.220000000000015,0.18195415823344066,2020-12
2021-01-01,Riyadh,2021,1,14.47,41.630645161290325,94.86,2.350322580645161,7.3100000000000005,14.530000000000015,0.1326440987367232,2021-01
2021-02-01,Riyadh,2021,2,16.322857142857142,40.20964285714285,94.6975,2.810714285714286,2.96,12.540000000000017,-0.018293001343480362,2021-02
2021-03-01,Riyadh,2021,3,23.066451612903226,20.100967741935484,94.38709677419355,3.2477419354838712,0.64,10.910000000000014,-0.1653475943039367,2021-03
2021-04-01,Riyadh,2021,4,27.336333333333336,16.657,94.26299999999999,3.0083333333333333,3.44,7.040000000000014,-0.4975131977559707,2021-04
2021-05-01,Riyadh,2021,5,32.67935483870968,12.294516129032258,93.84483870967742,2.4335483870967742,0.0,4.080000000000014,-0.5476908916241361,2021-05
2021-06-01,Riyadh,2021,6,35.05166666666666,10.556999999999999,93.68666666666667,3.752666666666667,0.0,3.440000000000014,-0.049368161050400636,2021-06
2021-07-01,Riyadh,2021,7,37.33741935483871,16.86,93.23032258064515,2.958387096774193,0.91,0.9100000000000142,0.4341285391984949,2021-07
2021-08-01,Riyadh,2021,8,36.17193548387097,13.414193548387097,93.48806451612903,2.625483870967742,0.0,0.9100000000000142,1.2890355870481305,2021-08
2021-09-01,Riyadh,2021,9,31.79366666666667,15.544666666666668,93.804,3.0863333333333336,0.0,0.9100000000000142,1.2994580521911652,2021-09
2021-10-01,Riyadh,2021,10,28.413870967741936,19.448387096774194,94.33709677419354,2.4051612903225807,0.0,0.0,-0.504889622010601,2021-10
2021-11-01,Riyadh,2021,11,22.011333333333333,29.144000000000002,94.59966666666666,2.319,0.0,0.0,-1.2687073653921925,2021-11
2021-12-01,Riyadh,2021,12,16.25741935483871,37.150000000000006,94.79064516129033,2.500967741935484,2.08,2.0800000000000143,-0.3049037693810687,2021-12
2022-01-01,Riyadh,2022,1,13.724193548387097,45.53935483870968,94.68741935483871,2.693548387096774,33.2,35.280000000000015,0.8425550203923167,2022-01
2022-02-01,Riyadh,2022,2,16.05392857142857,31.596071428571427,94.59857142857142,3.0100000000000002,0.0,35.280000000000015,0.780522645548151,2022-02
2022-03-01,Riyadh,2022,3,21.426129032258064,19.59,94.38870967741936,3.177741935483871,0.0,33.20000000000002,0.6498199917102883,2022-03
2022-04-01,Riyadh,2022,4,27.795,19.20133333333333,94.12899999999999,2.676,8.69,8.690000000000014,-0.36183917635958496,2022-04
2022-05-01,Riyadh,2022,5,30.900967741935485,13.880322580645162,93.97225806451613,2.831290322580645,0.0,8.690000000000014,-0.08692961273405644,2022-05
2022-06-01,Riyadh,2022,6,35.44266666666667,10.798333333333334,93.53166666666667,2.8673333333333333,0.0,8.690000000000014,0.5284592064975965,2022-06
2022-07-01,Riyadh,2022,7,35.90935483870968,15.980645161290322,93.21064516129033,3.586129032258065,0.71,0.7100000000000142,0.3676086033924199,2022-07
2022-08-01,Riyadh,2022,8,36.29032258064516,17.976129032258065,93.33741935483872,2.9019354838709677,0.56,1.2700000000000142,1.4479091185234532,2022-08
2022-09-01,Riyadh,2022,9,32.599000000000004,15.661,93.82933333333334,2.326,0.0,1.2700000000000142,1.440936947646448,2022-09
2022-10-01,Riyadh,2022,10,27.20935483870968,16.38483870967742,94.39387096774193,2.020967741935484,0.0,0.5600000000000143,0.6966928872461027,2022-10
2022-11-01,Riyadh,2022,11,23.061,30.231333333333332,94.58200000000001,2.975,0.0,0.0,-1.2687073653921925,2022-11
2022-12-01,Riyadh,2022,12,16.156129032258065,51.18741935483871,94.76290322580645,2.4306451612903226,43.0,43.000000000000014,1.3469761814911434,2022-12
2023-01-01,Riyadh,2023,1,13.132903225806452,70.77645161290323,94.87451612903226,2.6216129032258064,80.67,123.67000000000002,2.346111607148048,2023-01
2023-02-01,Riyadh,2023,2,15.843571428571428,47.24857142857143,94.62892857142857,2.9464285714285716,0.0,123.67000000000002,2.2745588685186386,2023-02
2023-03-01,Riyadh,2023,3,21.129354838709677,41.95258064516129,94.30419354838709,2.9980645161290322,19.04,99.71000000000001,1.8433991710968227,2023-03
2023-04-01,Riyadh,2023,4,23.621666666666666,41.94433333333333,94.26133333333334,2.4560000000000004,30.32,49.360000000000014,1.198116150946405,2023-04
2023-05-01,Riyadh,2023,5,31.127741935483872,22.220322580645163,94.03612903225806,3.044516129032258,3.1999999999999997,52.56000000000002,1.5623061428132603,2023-05
2023-06-01,Riyadh,2023,6,34.85566666666667,15.366999999999999,93.655,3.211,0.0,33.52000000000002,1.8003387198402874,2023-06
2023-07-01,Riyadh,2023,7,36.980645161290326,11.226774193548387,93.39387096774193,2.6148387096774193,0.0,3.200000000000014,0.8991470644292938,2023-07
2023-08-01,Riyadh,2023,8,36.86451612903225,13.941935483870967,93.50064516129032,2.8896774193548387,0.0,0.0,-0.3791917808836802,2023-08
2023-09-01,Riyadh,2023,9,34.005,14.188333333333334,93.83966666666667,2.4486666666666665,0.0,0.0,-0.3487556955170447,2023-09
2023-10-01,Riyadh,2023,10,28.603870967741937,23.02774193548387,94.44903225806452,2.2480645161290322,3.62,3.6200000000000143,1.1872783156818725,2023-10
2023-11-01,Riyadh,2023,11,22.551333333333332,46.19266666666667,94.655,2.353666666666667,8.09,11.710000000000015,0.8446963893325695,2023-11
2023-12-01,Riyadh,2023,12,17.009032258064515,38.35612903225806,94.85451612903225,2.2974193548387096,5.87,17.580000000000016,0.6696065247219829,2023-12
2024-01-01,Riyadh,2024,1,17.019032258064517,41.90161290322581,94.75709677419356,2.470322580645161,0.0,13.960000000000015,0.10529142893680582,2024-01
2024-02-01,Riyadh,2024,2,16.96034482758621,40.818275862068965,94.67586206896551,3.236896551724138,8.969999999999999,14.840000000000014,0.09318674597293064,2024-02
2024-03-01,Riyadh,2024,3,20.526451612903227,37.89709677419355,94.50193548387097,3.1596774193548387,21.75,30.720000000000013,0.5826297170055688,2024-03
2024-04-01,Riyadh,2024,4,24.530666666666665,38.480000000000004,94.106,3.005333333333333,35.8,66.52000000000001,1.5789482274646756,2024-04
2024-05-01,Riyadh,2024,5,31.429354838709674,24.738709677419354,93.89838709677419,3.11741935483871,12.889999999999999,70.44000000000001,1.9499376963285262,2024-05
2024-06-01,Riyadh,2024,6,36.53766666666666,11.691333333333334,93.48166666666665,3.0876666666666663,0.0,48.69000000000001,2.2921869307854124,2024-06
2024-07-01,Riyadh,2024,7,37.12612903225807,13.184193548387096,93.23967741935483,3.4406451612903224,0.0,12.890000000000013,1.8232677637688393,2024-07
2024-08-01,Riyadh,2024,8,36.79064516129032,17.09193548387097,93.42096774193548,3.2477419354838712,0.0,0.0,-0.3791917808836802,2024-08
2024-09-01,Riyadh,2024,9,33.294,18.434,93.81533333333333,2.6173333333333333,0.0,0.0,-0.3487556955170447,2024-09
2024-10-01,Riyadh,2024,10,27.970000000000002,25.227096774193548,94.28451612903227,2.605483870967742,0.26,0.2600000000000142,0.5879332616245555,2024-10
2024-11-01,Riyadh,2024,11,22.247333333333334,33.73133333333333,94.65833333333333,2.417333333333333,4.47,4.730000000000014,0.3912130843620073,2024-11
2024-12-01,Riyadh,2024,12,15.631290322580645,34.75258064516129,94.87677419354839,2.516451612903226,0.0,4.730000000000014,-0.004397598142823116,2024-12
2025-01-01,Riyadh,2025,1,12.21,30.93,95.02,3.28,0.0,4.470000000000014,-0.5503803627843155,2025-01
1981-03-01,Taif,1981,3,25.241612903225807,40.461612903225806,95.27032258064517,2.963225806451613,7.38,7.76,0.19365096518684186,1981-03
1981-04-01,Taif,1981,4,28.977,32.31766666666667,95.18066666666667,2.704333333333333,0.49000000000000005,7.87,0.09009474682683577,1981-04
1981-05-01,Taif,1981,5,32.55741935483871,25.43967741935484,95.0067741935484,2.8806451612903223,5.460000000000001,13.330000000000002,0.2693880353882795,1981-05
1981-06-01,Taif,1981,6,34.27066666666666,16.800666666666665,94.78766666666667,3.509,0.0,5.950000000000001,-0.12972227439057052,1981-06
1981-07-01,Taif,1981,7,33.64064516129032,22.493870967741934,94.69354838709677,3.6380645161290324,0.0,5.460000000000001,0.22795414612128947,1981-07
1981-08-01,Taif,1981,8,33.01741935483871,31.183548387096774,94.70516129032258,3.2283870967741937,1.44,1.44,-0.06350219433663996,1981-08
1981-09-01,Taif,1981,9,33.11866666666666,28.942999999999998,94.91866666666667,2.6456666666666666,5.22,6.66,0.541523000745112,1981-09
1981-10-01,Taif,1981,10,29.17516129032258,33.045806451612904,95.3216129032258,2.5983870967741933,7.210000000000001,13.870000000000001,0.7441488877424642,1981-10
1981-11-01,Taif,1981,11,25.45133333333333,49.317,95.458,2.2670000000000003,1.5499999999999998,13.98,0.4226835960459859,1981-11
1981-12-01,Taif,1981,12,23.55354838709677,54.270967741935486,95.60451612903225,2.241612903225806,0.86,9.62,-0.027163350044775703,1981-12
1982-01-01,Taif,1982,1,22.223548387096773,51.98967741935484,95.46000000000001,2.5596774193548386,0.19999999999999998,2.609999999999999,-0.8765967840359364,1982-01
1982-02-01,Taif,1982,2,19.720714285714283,36.85607142857143,95.41892857142857,2.5321428571428575,0.04,1.099999999999999,-0.9030869557991343,1982-02
1982-03-01,Taif,1982,3,24.273548387096774,36.98612903225806,95.33096774193548,2.979032258064516,0.0,0.2399999999999991,-1.3796566799609014,1982-03
1982-04-01,Taif,1982,4,28.860666666666667,34.92666666666666,95.136,3.44,3.88,3.919999999999999,-0.30469151315629966,1982-04
1982-05-01,Taif,1982,5,31.62,31.320967741935487,95.08193548387096,2.843225806451613,0.95,4.829999999999999,-0.39732029581715883,1982-05
1982-06-01,Taif,1982,6,34.407333333333334,17.642999999999997,94.805,3.530666666666667,0.0,4.829999999999999,-0.24459800193691617,1982-06
1982-07-01,Taif,1982,7,33.41516129032258,20.557741935483868,94.68967741935484,3.750967741935484,5.71,6.659999999999999,0.3427748376794476,1982-07
1982-08-01,Taif,1982,8,33.02516129032258,24.521290322580644,94.75774193548386,3.434516129032258,0.16999999999999998,5.879999999999999,0.4664876710654712,1982-08
1982-09-01,Taif,1982,9,32.97366666666667,29.195,95.006,2.768333333333333,0.23,6.109999999999999,0.4985998089526624,1982-09
1982-10-01,Taif,1982,10,28.331290322580646,48.61387096774193,95.30354838709677,2.2470967741935484,14.950000000000001,15.350000000000001,0.8153034281327395,1982-10
1982-11-01,Taif,1982,11,22.927666666666667,48.626333333333335,95.42366666666666,2.3526666666666665,23.68,38.86,1.248153473013893,1982-11
1982-12-01,Taif,1982,12,21.326451612903227,54.31806451612903,95.5783870967742,2.282258064516129,7.03,45.660000000000004,1.2423293711494556,1982-12
1983-01-01,Taif,1983,1,19.11967741935484,50.66580645161291,95.75741935483872,2.806451612903226,0.0,30.71,0.7956852316334113,1983-01
1983-02-01,Taif,1983,2,20.384642857142858,41.33535714285715,95.57178571428572,2.4560714285714282,8.34,15.370000000000001,0.5819492010977735,1983-02
1983-03-01,Taif,1983,3,22.388709677419353,43.33064516129032,95.42903225806452,3.0648387096774194,47.38,55.72,2.243522633620049,1983-03
1983-04-01,Taif,1983,4,26.537,42.45733333333333,95.195,2.6383333333333336,5.36,61.080000000000005,2.001194595848829,1983-04
1983-05-01,Taif,1983,5,31.589354838709678,32.67709677419355,95.01290322580645,2.821290322580645,0.09,52.83000000000001,1.6092589066259562,1983-05
1983-06-01,Taif,1983,6,34.833999999999996,22.683,94.83133333333333,3.1813333333333333,0.0,5.45,-0.17884226169538436,1983-06
1983-07-01,Taif,1983,7,34.86870967741935,19.844838709677422,94.62322580645161,3.698709677419355,0.05,0.14,-1.0616587435827856,1983-07
1983-08-01,Taif,1983,8,33.538387096774194,27.91322580645161,94.68290322580646,3.6319354838709677,0.24000000000000002,0.29000000000000004,-0.4411675321903885,1983-08
1983-09-01,Taif,1983,9,33.30733333333333,22.640333333333334,94.85066666666667,3.259333333333333,0.12,0.41000000000000003,-0.41964748291889487,1983-09
1983-10-01,Taif,1983,10,29.26967741935484,30.789032258064516,95.25064516129032,2.6225806451612903,0.05,0.41000000000000003,-0.7218271553400742,1983-10
1983-11-01,Taif,1983,11,25.603,46.09133333333333,95.57466666666666,2.463333333333333,0.05,0.21999999999999997,-1.1751033249539407,1983-11
1983-12-01,Taif,1983,12,22.64483870967742,47.21451612903226,95.60741935483871,2.425806451612903,0.0,0.09999999999999998,-1.6519487223466325,1983-12
1984-01-01,Taif,1984,1,21.16483870967742,49.24354838709677,95.5316129032258,2.4690322580645163,0.4,0.45,-1.41124782707376,1984-01
1984-02-01,Taif,1984,2,23.647931034482756,46.433793103448274,95.38137931034483,2.453448275862069,0.02,0.42000000000000004,-1.229946003496221,1984-02
1984-03-01,Taif,1984,3,26.129032258064516,36.77967741935484,95.19096774193548,3.3890322580645162,0.29,0.71,-1.036098898620443,1984-03
1984-04-01,Taif,1984,4,29.576999999999998,28.144333333333336,95.08500000000001,3.1603333333333334,0.46,0.77,-0.9578451121842798,1984-04
1984-05-01,Taif,1984,5,31.95193548387097,25.39516129032258,94.94903225806452,2.811935483870968,0.0,0.75,-1.2664429031809403,1984-05
1984-06-01,Taif,1984,6,33.18866666666666,19.192999999999998,94.70599999999999,3.3489999999999998,0.4700000000000001,0.9300000000000002,-0.9808100932591809,1984-06
1984-07-01,Taif,1984,7,33.640967741935484,18.603548387096776,94.63064516129033,3.907741935483871,0.0,0.4700000000000001,-0.760487310159339,1984-07
1984-08-01,Taif,1984,8,32.70645161290322,22.127096774193546,94.77903225806452,3.4764516129032255,9.010000000000002,9.480000000000002,0.7129306175338165,1984-08
1984-09-01,Taif,1984,9,32.67133333333333,29.33966666666667,94.94166666666666,2.8756666666666666,0.01,9.020000000000001,0.7029120224932864,1984-09
1984-10-01,Taif,1984,10,28.925806451612903,36.22032258064516,95.3616129032258,2.7006451612903226,3.3099999999999996,12.330000000000002,0.6647588213299501,1984-10
1984-11-01,Taif,1984,11,25.095000000000002,56.06333333333334,95.44466666666668,2.3016666666666667,6.52,9.84,0.20094843414490604,1984-11
1984-12-01,Taif,1984,12,22.644516129032258,55.16709677419355,95.46870967741935,2.365806451612903,4.24,14.07,0.22414578871681948,1984-12
1985-01-01,Taif,1985,1,23.096774193548388,57.01741935483871,95.40903225806451,2.4658064516129032,2.0300000000000002,12.790000000000001,0.034352975117817014,1985-01
1985-02-01,Taif,1985,2,21.206071428571427,39.54785714285714,95.40178571428571,2.8385714285714285,5.45,11.72,0.36894946458232497,1985-02
1985-03-01,Taif,1985,3,26.35709677419355,37.49967741935484,95.22387096774193,3.1103225806451613,6.35,13.83,0.6488628688181941,1985-03
1985-04-01,Taif,1985,4,28.557666666666666,33.56666666666667,95.116,2.9530000000000003,13.53,25.33,0.998449146186388,1985-04
1985-05-01,Taif,1985,5,31.238387096774193,34.05516129032258,94.99580645161289,2.566774193548387,31.63,51.51,1.577928704014113,1985-05
1985-06-01,Taif,1985,6,33.48,17.849333333333334,94.79133333333333,3.324,10.799999999999999,55.959999999999994,1.7227671432968135,1985-06
1985-07-01,Taif,1985,7,32.509032258064515,21.63483870967742,94.76032258064517,3.8835483870967744,16.339999999999996,58.769999999999996,2.333896960402678,1985-07
1985-08-01,Taif,1985,8,32.70290322580645,31.306451612903224,94.67193548387097,3.1896774193548385,19.16,46.3,1.957144508680111,1985-08
1985-09-01,Taif,1985,9,32.72633333333333,28.792333333333332,94.88033333333333,2.929333333333333,2.33,37.83,1.7699390820612957,1985-09
1985-10-01,Taif,1985,10,29.109354838709677,34.62387096774193,95.2841935483871,2.6509677419354842,5.24,26.73,1.2564151340549863,1985-10
1985-11-01,Taif,1985,11,25.499000000000002,55.068666666666665,95.44800000000001,2.4006666666666665,7.59,15.16,0.4776510443460176,1985-11
1985-12-01,Taif,1985,12,21.99741935483871,49.670967741935485,95.54903225806451,2.6193548387096777,6.24,19.07,0.4484308686696551,1985-12
1986-01-01,Taif,1986,1,21.076129032258066,51.50419354838709,95.57870967741935,2.2880645161290323,0.9,14.73,0.14173370455364195,1986-01
1986-02-01,Taif,1986,2,22.818928571428568,43.097142857142856,95.32857142857142,2.768214285714286,0.36,7.5,0.05727872933383463,1986-02
1986-03-01,Taif,1986,3,25.868387096774192,40.24483870967742,95.22967741935483,2.9470967741935485,9.74,11.0,0.4577846271556118,1986-03
1986-04-01,Taif,1986,4,27.393666666666665,39.760666666666665,95.09200000000001,2.9143333333333334,15.11,25.21,0.9939285880417262,1986-04
1986-05-01,Taif,1986,5,30.68903225806452,26.46677419354839,95.03806451612903,3.1838709677419357,0.02,24.87,0.7953926770119962,1986-05
1986-06-01,Taif,1986,6,33.209666666666664,20.279666666666667,94.72333333333333,3.296666666666667,10.599999999999998,25.729999999999997,0.9118316604073058,1986-06
1986-07-01,Taif,1986,7,32.90032258064516,27.0258064516129,94.7709677419355,3.6109677419354838,28.049999999999997,38.669999999999995,1.80637228324179,1986-07
1986-08-01,Taif,1986,8,32.38193548387097,36.39709677419355,94.76451612903226,3.16258064516129,19.22,57.86999999999999,2.209701094139582,1986-08
1986-09-01,Taif,1986,9,30.827333333333335,40.88733333333334,95.04933333333334,2.6786666666666665,21.880000000000003,69.15,2.447586878662072,1986-09
1986-10-01,Taif,1986,10,28.871290322580645,43.519677419354835,95.38354838709677,2.494516129032258,7.31,48.410000000000004,1.8502271107090307,1986-10
1986-11-01,Taif,1986,11,25.324666666666666,51.656666666666666,95.44933333333333,2.615333333333333,0.27,29.46,0.9928944706062305,1986-11
1986-12-01,Taif,1986,12,21.461935483870967,52.22,95.64225806451613,2.5222580645161288,1.0,8.58,-0.09721135156443493,1986-12
1987-01-01,Taif,1987,1,21.450645161290325,41.67451612903226,95.73129032258065,2.5270967741935486,2.27,3.54,-0.7382487684102561,1987-01
1987-02-01,Taif,1987,2,23.60571428571429,43.71642857142857,95.48178571428572,2.8682142857142856,2.24,5.51,-0.13394898863522042,1987-02
1987-03-01,Taif,1987,3,24.55483870967742,32.660322580645165,95.2874193548387,2.796774193548387,9.290000000000001,13.8,0.6469778079456091,1987-03
1987-04-01,Taif,1987,4,28.103666666666665,34.870999999999995,95.29166666666667,3.006333333333333,2.78,14.31,0.5080778483030927,1987-04
1987-05-01,Taif,1987,5,30.83225806451613,40.108064516129026,95.14354838709677,2.3777419354838707,41.00000000000001,53.07000000000001,1.6149045325486497,1987-05
1987-06-01,Taif,1987,6,33.68233333333333,20.992666666666665,94.829,2.818,16.15,59.93000000000001,1.8069449642042072,1987-06
1987-07-01,Taif,1987,7,34.15096774193549,24.568387096774195,94.68806451612903,3.3141935483870966,14.270000000000001,71.42,2.61442211745634,1987-07
1987-08-01,Taif,1987,8,32.645483870967745,32.9341935483871,94.76741935483871,3.2029032258064514,19.560000000000002,49.980000000000004,2.040912224829242,1987-08
1987-09-01,Taif,1987,9,33.526666666666664,29.364333333333335,94.93233333333333,3.2016666666666667,0.0,33.830000000000005,1.6628463782420637,1987-09
1987-10-01,Taif,1987,10,29.880967741935482,40.45516129032258,95.25483870967743,2.5051612903225804,1.49,21.05,1.0548985417625087,1987-10
1987-11-01,Taif,1987,11,26.607666666666667,40.746,95.48733333333332,2.509333333333333,0.0,1.49,-0.6591343267349737,1987-11
1987-12-01,Taif,1987,12,23.338387096774195,49.71387096774194,95.63870967741936,2.6238709677419356,0.0,1.49,-0.9319478227192944,1987-12
1988-01-01,Taif,1988,1,22.233870967741936,50.965483870967745,95.5458064516129,2.69258064516129,0.0,0.0,-2.00042356910598,1988-01
1988-02-01,Taif,1988,2,22.395172413793105,45.403103448275864,95.38344827586207,2.7820689655172415,1.8800000000000001,1.8800000000000001,-0.6829135507226334,1988-02
1988-03-01,Taif,1988,3,26.86741935483871,33.73548387096774,95.27870967741936,3.2874193548387094,0.0,1.8800000000000001,-0.6304805118258242,1988-03
1988-04-01,Taif,1988,4,29.334,32.306666666666665,95.059,3.6636666666666664,1.33,3.21,-0.4030442664469267,1988-04
1988-05-01,Taif,1988,5,33.652580645161294,22.79806451612903,95.00870967741936,2.7183870967741934,0.38,1.71,-0.9222253362659216,1988-05
1988-06-01,Taif,1988,6,34.73066666666667,19.703333333333333,94.76133333333334,2.9963333333333333,0.0,1.71,-0.7377824774654128,1988-06
1988-07-01,Taif,1988,7,33.57096774193548,27.9158064516129,94.6183870967742,3.3548387096774195,0.0,0.38,-0.8201043615217871,1988-07
1988-08-01,Taif,1988,8,33.69096774193549,29.052258064516128,94.72258064516129,3.5493548387096774,0.0,0.0,-1.408135641148089,1988-08
1988-09-01,Taif,1988,9,34.207,25.009666666666664,94.80966666666667,2.753333333333333,0.0,0.0,-1.6906216295848977,1988-09
1988-10-01,Taif,1988,10,29.789032258064516,36.034838709677416,95.23032258064515,2.613548387096774,0.19,0.19,-0.8923133651443623,1988-10
1988-11-01,Taif,1988,11,25.525333333333332,50.05533333333334,95.587,2.3216666666666668,0.16,0.35,-1.0739035579025058,1988-11
1988-12-01,Taif,1988,12,22.988709677419354,49.43903225806452,95.56967741935483,2.619677419354839,9.629999999999999,9.979999999999999,-0.004151703611972664,1988-12
1989-01-01,Taif,1989,1,19.274193548387096,46.57806451612903,95.61225806451613,2.670967741935484,1.85,11.639999999999999,-0.034440961639468165,1989-01
1989-02-01,Taif,1989,2,20.28642857142857,43.05535714285714,95.59785714285714,2.8989285714285713,0.0,11.479999999999999,0.353481808123019,1989-02
1989-03-01,Taif,1989,3,23.894193548387097,38.35193548387097,95.20258064516128,3.2670967741935484,0.92,2.77,-0.43742176635826574,1989-03
1989-04-01,Taif,1989,4,27.732000000000003,36.501666666666665,95.19566666666667,3.131666666666667,7.859999999999999,8.78,0.1604493188920296,1989-04
1989-05-01,Taif,1989,5,32.737096774193546,24.053870967741933,95.05677419354839,3.027741935483871,0.77,9.549999999999999,0.028576050225310536,1989-05
1989-06-01,Taif,1989,6,34.318999999999996,19.59733333333333,94.79366666666667,3.2733333333333334,0.0,8.629999999999999,0.0920302668337191,1989-06
1989-07-01,Taif,1989,7,35.09225806451612,21.240967741935485,94.60258064516128,3.4338709677419357,0.0,0.77,-0.6093260189163837,1989-07
1989-08-01,Taif,1989,8,33.842580645161284,26.05354838709677,94.73709677419355,3.190967741935484,0.03,0.03,-0.7416110459665227,1989-08
1989-09-01,Taif,1989,9,33.45633333333333,27.363999999999997,94.85566666666666,2.866333333333333,0.0,0.03,-0.8801322904480345,1989-09
1989-10-01,Taif,1989,10,29.376451612903224,32.06548387096774,95.31,2.6693548387096775,0.9900000000000001,1.02,-0.46977637708391806,1989-10
1989-11-01,Taif,1989,11,26.016666666666666,50.83433333333333,95.46966666666667,2.6263333333333336,0.13,1.12,-0.7541750579555746,1989-11
1989-12-01,Taif,1989,12,22.65096774193548,52.972903225806455,95.5283870967742,2.5687096774193545,1.74,2.8600000000000003,-0.6653530005023413,1989-12
1990-01-01,Taif,1990,1,21.940967741935484,51.53709677419355,95.58096774193548,2.5612903225806454,0.03,1.9,-1.0050867408001505,1990-01
1990-02-01,Taif,1990,2,20.618571428571432,37.893214285714286,95.45035714285714,2.619285714285714,0.0,1.77,-0.7092281909351421,1990-02
1990-03-01,Taif,1990,3,25.301612903225806,39.12387096774193,95.42870967741935,2.6996774193548387,0.44,0.47,-1.1789641059170983,1990-03
1990-04-01,Taif,1990,4,28.213,28.76833333333333,95.15333333333334,2.884666666666667,1.44,1.88,-0.6391181842021234,1990-04
1990-05-01,Taif,1990,5,33.270967741935486,18.824193548387097,94.8958064516129,3.0280645161290325,0.28,2.16,-0.8143820241571603,1990-05
1990-06-01,Taif,1990,6,34.664,16.306,94.76566666666666,3.1390000000000002,0.0,1.72,-0.7353150810166571,1990-06
1990-07-01,Taif,1990,7,33.31806451612903,21.475483870967743,94.75645161290322,3.461935483870968,0.84,1.12,-0.48144733250551,1990-07
1990-08-01,Taif,1990,8,33.98516129032258,25.09935483870968,94.74193548387096,3.5290322580645164,0.0,0.84,-0.21137073482250132,1990-08
1990-09-01,Taif,1990,9,33.444,27.059,94.88733333333333,2.976,0.7,1.54,-0.05301012280274431,1990-09
1990-10-01,Taif,1990,10,29.950322580645164,30.91516129032258,95.32387096774194,2.8496774193548386,0.0,0.7,-0.5812339019954412,1990-10
1990-11-01,Taif,1990,11,26.069333333333336,37.016,95.48666666666666,2.69,0.7,1.4,-0.6805021808900393,1990-11
1990-12-01,Taif,1990,12,24.072580645161292,43.10709677419354,95.57451612903226,2.3496774193548386,0.07,0.77,-1.1603831051225493,1990-12
1991-01-01,Taif,1991,1,21.47741935483871,52.843870967741935,95.56322580645161,2.6774193548387095,0.02,0.7899999999999999,-1.2844356089473665,1991-01
1991-02-01,Taif,1991,2,22.420357142857142,41.417142857142856,95.49607142857143,2.7624999999999997,2.01,2.0999999999999996,-0.6335216132455589,1991-02
1991-03-01,Taif,1991,3,25.106129032258064,35.02161290322581,95.22870967741936,3.379354838709677,2.56,4.59,-0.15221750243833154,1991-03
1991-04-01,Taif,1991,4,31.038,29.808333333333334,95.14733333333334,3.4063333333333334,1.14,5.709999999999999,-0.10240920603209851,1991-04
1991-05-01,Taif,1991,5,33.523870967741935,29.646774193548385,95.04870967741937,2.9000000000000004,2.9,6.6,-0.21206507399584706,1991-05
1991-06-01,Taif,1991,6,34.94166666666667,19.082333333333334,94.72600000000001,3.3356666666666666,0.0,4.039999999999999,-0.33819694737153627,1991-06
1991-07-01,Taif,1991,7,33.1841935483871,26.07935483870968,94.75258064516129,3.204838709677419,0.0,2.9,-0.09412070441311157,1991-07
1991-08-01,Taif,1991,8,32.95612903225806,23.33967741935484,94.80806451612904,3.9129032258064513,0.0,0.0,-1.408135641148089,1991-08
1991-09-01,Taif,1991,9,32.815000000000005,29.804333333333332,95.00933333333334,2.819666666666667,0.01,0.010000000000000444,-1.0035790530988558,1991-09
1991-10-01,Taif,1991,10,29.06064516129032,35.42161290322581,95.28548387096774,2.7519354838709678,1.14,1.1500000000000004,-0.43186436404927764,1991-10
1991-11-01,Taif,1991,11,25.332,42.69133333333333,95.56633333333333,2.6326666666666667,4.2,5.3500000000000005,-0.12965220451932044,1991-11
1991-12-01,Taif,1991,12,21.84741935483871,52.51161290322581,95.58096774193548,2.244516129032258,0.46,5.800000000000001,-0.31988902385406015,1991-12
1992-01-01,Taif,1992,1,19.29741935483871,47.08774193548387,95.64645161290322,2.698387096774194,5.459999999999999,10.12,-0.13262184898630786,1992-01
1992-02-01,Taif,1992,2,18.391379310344828,41.91586206896552,95.64137931034483,3.031034482758621,0.12,6.04,-0.07884083231567415,1992-02
1992-03-01,Taif,1992,3,24.136774193548387,37.1683870967742,95.37903225806451,2.8280645161290323,0.15000000000000002,5.73,-0.012916610175691354,1992-03
1992-04-01,Taif,1992,4,27.795666666666666,27.191,95.17833333333333,3.030333333333333,0.02,0.2900000000000009,-1.2175134859029413,1992-04
1992-05-01,Taif,1992,5,31.374193548387098,27.526129032258062,95.06548387096775,2.836129032258065,4.6000000000000005,4.770000000000001,-0.4044295460346832,1992-05
1992-06-01,Taif,1992,6,33.75933333333333,19.07633333333333,94.78966666666666,2.9153333333333338,0.0,4.620000000000001,-0.26828937941182446,1992-06
1992-07-01,Taif,1992,7,33.20580645161291,22.84,94.81741935483872,3.093225806451613,0.0,4.600000000000001,0.13453069034930956,1992-07
1992-08-01,Taif,1992,8,32.135161290322586,37.37387096774193,94.89774193548386,3.236774193548387,0.67,0.6700000000000009,-0.2665437146066758,1992-08
1992-09-01,Taif,1992,9,32.908,28.689666666666668,94.93466666666667,2.8096666666666668,0.0,0.6700000000000009,-0.29739056668060915,1992-09
1992-10-01,Taif,1992,10,29.52709677419355,25.934193548387096,95.29677419354839,2.636774193548387,0.84,1.510000000000001,-0.3411244412502902,1992-10
1992-11-01,Taif,1992,11,24.732666666666667,48.638000000000005,95.46333333333334,2.51,21.21,22.05,0.752945856352093,1992-11
1992-12-01,Taif,1992,12,21.563870967741938,55.00064516129032,95.54161290322581,2.454838709677419,0.0,22.05,0.5638809254107386,1992-12
1993-01-01,Taif,1993,1,20.937419354838706,49.0158064516129,95.5958064516129,2.8193548387096774,0.28,21.490000000000002,0.45636985968818394,1993-01
1993-02-01,Taif,1993,2,20.77785714285714,43.00785714285714,95.51535714285714,3.0614285714285714,0.0,0.28,-1.3445141265731395,1993-02
1993-03-01,Taif,1993,3,25.240322580645163,42.559677419354834,95.3474193548387,3.124516129032258,0.45,0.73,-1.0259048144239702,1993-03
1993-04-01,Taif,1993,4,28.037333333333333,34.37766666666666,95.19766666666666,3.255666666666667,1.63,2.08,-0.5973429525942436,1993-04
1993-05-01,Taif,1993,5,31.57193548387097,32.40806451612903,95.02806451612904,2.9719354838709675,0.28,2.36,-0.772112531919342,1993-05
1993-06-01,Taif,1993,6,34.283,17.637333333333334,94.79966666666665,3.4170000000000003,0.0,1.91,-0.6904739482477763,1993-06
1993-07-01,Taif,1993,7,34.08516129032258,22.315806451612904,94.72741935483872,3.4438709677419355,0.13,0.41000000000000003,-0.7991503631006824,1993-07
1993-08-01,Taif,1993,8,34.32645161290322,21.89516129032258,94.79870967741937,3.6058064516129034,0.0,0.13,-0.5719783938023101,1993-08
1993-09-01,Taif,1993,9,33.43333333333333,30.11466666666667,94.87066666666666,2.758666666666667,0.0,0.13,-0.6562025490889468,1993-09
1993-10-01,Taif,1993,10,29.865161290322582,33.920645161290324,95.31064516129032,2.576451612903226,1.8000000000000003,1.8000000000000003,-0.27892622332632944,1993-10
1993-11-01,Taif,1993,11,26.521666666666665,43.434,95.409,2.5003333333333333,0.0,1.8000000000000003,-0.5920817469252264,1993-11
1993-12-01,Taif,1993,12,23.44645161290323,50.222580645161294,95.56870967741936,2.5064516129032257,17.42,19.220000000000002,0.45451571541757707,1993-12
1994-01-01,Taif,1994,1,22.968387096774194,47.85548387096774,95.47516129032257,2.6380645161290324,1.3399999999999999,18.76,0.33833119553601365,1994-01
1994-02-01,Taif,1994,2,22.96035714285714,42.65642857142857,95.44000000000001,2.5414285714285714,0.55,19.310000000000002,0.7774580941412088,1994-02
1994-03-01,Taif,1994,3,23.81451612903226,36.32387096774193,95.32064516129033,3.291935483870968,0.0,1.89,-0.6279727269391133,1994-03
1994-04-01,Taif,1994,4,29.663999999999998,37.022000000000006,95.105,3.0363333333333333,0.79,1.34,-0.770220634355688,1994-04
1994-05-01,Taif,1994,5,32.34129032258065,27.5458064516129,95.05096774193548,2.694516129032258,0.0,0.79,-1.2461923083152406,1994-05
1994-06-01,Taif,1994,6,34.525333333333336,17.094333333333335,94.68366666666665,3.5123333333333333,0.0,0.79,-1.0414672675070702,1994-06
1994-07-01,Taif,1994,7,33.0558064516129,24.700967741935486,94.81064516129032,3.258387096774194,1.49,1.49,-0.3754298281050736,1994-07
1994-08-01,Taif,1994,8,33.21806451612903,30.096129032258066,94.7490322580645,3.355161290322581,0.0,1.49,-0.053286722929334604,1994-08
1994-09-01,Taif,1994,9,32.10033333333333,30.60033333333333,95.06966666666668,3.005333333333333,0.0,1.49,-0.06373708776680037,1994-09
1994-10-01,Taif,1994,10,29.205483870967743,39.00290322580645,95.3216129032258,2.676774193548387,2.01,2.01,-0.2382873656011747,1994-10
1994-11-01,Taif,1994,11,25.720333333333333,52.751666666666665,95.42800000000001,2.5883333333333334,0.21,2.2199999999999998,-0.5135693980748957,1994-11
1994-12-01,Taif,1994,12,22.098387096774193,55.57548387096774,95.69032258064516,2.549032258064516,0.14,2.36,-0.7485927645397926,1994-12
1995-01-01,Taif,1995,1,22.563870967741938,52.57322580645161,95.64935483870968,2.371935483870968,2.86,3.21,-0.7843275943487978,1995-01
1995-02-01,Taif,1995,2,21.421071428571427,46.65785714285715,95.45321428571428,2.9396428571428572,0.18000000000000002,3.18,-0.434838323797165,1995-02
1995-03-01,Taif,1995,3,25.12516129032258,36.645161290322584,95.29387096774194,2.835806451612903,0.13,3.17,-0.3652363984152536,1995-03
1995-04-01,Taif,1995,4,28.139333333333333,39.372,95.08433333333332,3.2066666666666666,0.0,0.31000000000000005,-1.202400593858726,1995-04
1995-05-01,Taif,1995,5,32.11709677419355,28.56,95.02612903225807,2.7519354838709678,0.27,0.4,-1.4986537627077008,1995-05
1995-06-01,Taif,1995,6,34.918,22.32766666666667,94.76766666666667,2.7843333333333335,0.0,0.27,-1.4037021465042472,1995-06
1995-07-01,Taif,1995,7,33.37935483870968,26.219032258064516,94.6516129032258,3.202903225806452,0.0,0.27,-0.9096358234320021,1995-07
1995-08-01,Taif,1995,8,33.70645161290323,33.93774193548387,94.69419354838709,3.1803225806451616,0.0,0.0,-1.408135641148089,1995-08
1995-09-01,Taif,1995,9,33.171,30.128666666666668,94.97133333333333,2.77,0.0,0.0,-1.6906216295848977,1995-09
1995-10-01,Taif,1995,10,30.25258064516129,29.89741935483871,95.23225806451612,2.678064516129032,0.0,0.0,-1.8238032777788424,1995-10
1995-11-01,Taif,1995,11,25.909333333333333,47.169,95.45533333333333,2.5856666666666666,0.4,0.4,-1.0421915261101182,1995-11
1995-12-01,Taif,1995,12,22.679032258064513,55.57741935483871,95.56612903225808,2.423225806451613,0.39,0.79,-1.1522124769082238,1995-12
1996-01-01,Taif,1996,1,21.66032258064516,54.6683870967742,95.41645161290322,2.3925806451612903,0.32999999999999996,1.12,-1.1859990099819318,1996-01
1996-02-01,Taif,1996,2,23.358275862068965,48.591379310344834,95.28344827586206,2.728965517241379,0.0,0.72,-1.0570218926439134,1996-02
1996-03-01,Taif,1996,3,25.31709677419355,33.744516129032256,95.17999999999999,2.894516129032258,0.27,0.6,-1.09629836342673,1996-03
1996-04-01,Taif,1996,4,28.968,34.335,95.10433333333334,3.046666666666667,1.75,2.02,-0.6095675456184321,1996-04
1996-05-01,Taif,1996,5,32.6841935483871,30.309677419354838,95.04290322580646,2.599032258064516,0.54,2.56,-0.7325687468701125,1996-05
1996-06-01,Taif,1996,6,33.89033333333334,23.723333333333336,94.68566666666668,3.378333333333333,0.28,2.5700000000000003,-0.5579575767577782,1996-06
1996-07-01,Taif,1996,7,33.63645161290323,27.13258064516129,94.69354838709677,3.5077419354838706,0.0,0.8200000000000001,-0.5886915853161007,1996-07
1996-08-01,Taif,1996,8,34.19129032258065,28.736451612903227,94.67322580645161,3.3390322580645164,3.59,3.87,0.28235476065378734,1996-08
1996-09-01,Taif,1996,9,33.888,28.029333333333334,94.82333333333332,2.646333333333333,0.0,3.59,0.2585406661026158,1996-09
1996-10-01,Taif,1996,10,29.725806451612904,36.097096774193545,95.28999999999999,2.6048387096774195,0.0,3.59,-0.002413389969475158,1996-10
1996-11-01,Taif,1996,11,24.538,49.11566666666667,95.40766666666667,3.0416666666666665,32.669999999999995,32.669999999999995,1.0850579496225539,1996-11
1996-12-01,Taif,1996,12,23.379677419354838,51.57645161290322,95.57935483870968,2.282258064516129,1.06,33.73,0.9378540689490175,1996-12
1997-01-01,Taif,1997,1,20.934193548387096,47.98774193548387,95.52677419354839,2.533225806451613,1.96,35.69,0.952503828107099,1997-01
1997-02-01,Taif,1997,2,20.983214285714286,45.69392857142857,95.60642857142857,2.751428571428572,0.0,3.02,-0.46078562739631146,1997-02
1997-03-01,Taif,1997,3,23.580645161290324,38.21193548387097,95.31774193548387,3.2719354838709678,0.99,2.95,-0.40406895778581237,1997-03
1997-04-01,Taif,1997,4,27.898666666666667,28.992666666666665,95.21433333333333,3.009,1.34,2.33,-0.5489210894674239,1997-04
1997-05-01,Taif,1997,5,31.95741935483871,26.91483870967742,95.16741935483871,2.650645161290323,3.06,5.390000000000001,-0.333948282651964,1997-05
1997-06-01,Taif,1997,6,33.251666666666665,25.708666666666666,94.85133333333333,2.765,1.9700000000000002,6.37,-0.0907445872793411,1997-06
1997-07-01,Taif,1997,7,33.89354838709678,21.254193548387097,94.81451612903226,3.1970967741935485,0.35,5.38,0.21971008036024112,1997-07
1997-08-01,Taif,1997,8,33.318709677419356,27.600967741935484,94.94419354838709,3.2780645161290325,1.6600000000000001,3.9800000000000004,0.2938848266585444,1997-08
1997-09-01,Taif,1997,9,33.48166666666666,30.067,95.01933333333334,2.7503333333333333,1.05,3.0600000000000005,0.19379211968678825,1997-09
1997-10-01,Taif,1997,10,28.955806451612904,46.36064516129032,95.35354838709678,2.4229032258064516,16.52,19.23,0.9833473901517765,1997-10
1997-11-01,Taif,1997,11,26.207666666666668,49.003,95.38799999999999,2.5233333333333334,2.35,19.92,0.6746542093869958,1997-11
1997-12-01,Taif,1997,12,23.876129032258063,56.75096774193548,95.5458064516129,2.5022580645161288,3.78,22.65,0.5858677283065026,1997-12
1998-01-01,Taif,1998,1,21.225483870967743,54.16612903225807,95.50935483870968,2.8003225806451613,5.17,11.3,-0.0556325074953707,1998-01
1998-02-01,Taif,1998,2,21.500357142857144,42.99821428571429,95.60071428571429,2.6553571428571425,0.0,8.95,0.17537640283265202,1998-02
1998-03-01,Taif,1998,3,24.36774193548387,40.98258064516129,95.34032258064516,3.4351612903225806,14.44,19.61,0.9719772004251421,1998-03
1998-04-01,Taif,1998,4,29.609666666666666,31.58833333333333,95.141,3.264333333333333,3.64,18.08,0.6966249631988939,1998-04
1998-05-01,Taif,1998,5,32.5,25.99290322580645,95.08161290322582,2.7783870967741935,4.01,22.09,0.6866608460913664,1998-05
1998-06-01,Taif,1998,6,34.61033333333333,18.904,94.81133333333334,3.4596666666666662,0.62,8.27,0.06541867740004917,1998-06
1998-07-01,Taif,1998,7,33.839999999999996,26.42032258064516,94.70129032258063,2.993225806451613,0.6200000000000001,5.25,0.2061324161868395,1998-07
1998-08-01,Taif,1998,8,33.653225806451616,38.12935483870968,94.67870967741935,3.11741935483871,1.19,2.43,0.10580176393994153,1998-08
1998-09-01,Taif,1998,9,33.016,35.07066666666666,94.90766666666667,2.751333333333333,0.18,1.99,0.033642436450519245,1998-09
1998-10-01,Taif,1998,10,30.610967741935486,27.925161290322578,95.2158064516129,2.5761290322580646,0.07,1.4400000000000002,-0.35742364254972503,1998-10
1998-11-01,Taif,1998,11,26.342333333333332,40.02166666666667,95.484,2.512,15.65,15.9,0.5106988007937624,1998-11
1998-12-01,Taif,1998,12,24.171612903225807,43.582580645161286,95.5983870967742,2.172258064516129,0.0,15.72,0.303346058523551,1998-12
1999-01-01,Taif,1999,1,21.739032258064515,55.031290322580645,95.4625806451613,2.519032258064516,22.669999999999998,38.32,1.0298644229775844,1999-01
1999-02-01,Taif,1999,2,25.221785714285716,46.10285714285715,95.34678571428572,2.786785714285714,0.0,22.669999999999998,0.9248173405579238,1999-02
1999-03-01,Taif,1999,3,24.666129032258063,36.03741935483871,95.13290322580644,3.1906451612903224,0.06999999999999999,22.739999999999995,1.1220757099372454,1999-03
1999-04-01,Taif,1999,4,29.336000000000002,30.330666666666666,95.18,2.9339999999999997,0.35,0.42,-1.1289062835313428,1999-04
1999-05-01,Taif,1999,5,33.97741935483871,21.81967741935484,94.8816129032258,2.8796774193548385,0.05,0.47,-1.4411899420010137,1999-05
1999-06-01,Taif,1999,6,34.35933333333333,21.663999999999998,94.72966666666666,3.277,0.0,0.39999999999999997,-1.2777753820087203,1999-06
1999-07-01,Taif,1999,7,32.854516129032255,28.123870967741937,94.77677419354839,3.544193548387097,1.22,1.27,-0.4357347503786107,1999-07
1999-08-01,Taif,1999,8,33.2458064516129,31.699032258064516,94.75935483870968,3.637741935483871,0.24,1.46,-0.05938711039114123,1999-08
1999-09-01,Taif,1999,9,33.090333333333334,37.293,94.855,2.7256666666666667,0.0,1.46,-0.07030058506859063,1999-09
1999-10-01,Taif,1999,10,30.153870967741934,32.670645161290324,95.19709677419355,2.696774193548387,0.44,0.6799999999999999,-0.5893669719834737,1999-10
1999-11-01,Taif,1999,11,26.630999999999997,40.11466666666667,95.484,2.4556666666666667,0.27,0.71,-0.8916559498864954,1999-11
1999-12-01,Taif,1999,12,23.88225806451613,45.65129032258065,95.57967741935484,2.404193548387097,4.98,5.69,-0.3301504354553488,1999-12
2000-01-01,Taif,2000,1,21.36935483870968,55.73483870967742,95.46774193548387,2.4274193548387095,18.990000000000002,24.240000000000002,0.5659125040092353,2000-01
2000-02-01,Taif,2000,2,22.504827586206897,49.959310344827585,95.48586206896552,2.4827586206896552,7.51,31.480000000000004,1.2553180870288914,2000-02
2000-03-01,Taif,2000,3,25.368387096774192,39.47709677419355,95.27064516129032,3.027741935483871,0.0,26.5,1.2863205601167205,2000-03
2000-04-01,Taif,2000,4,30.478666666666665,25.679,95.09400000000001,3.0383333333333336,0.21000000000000002,7.72,0.07797963925378153,2000-04
2000-05-01,Taif,2000,5,33.27258064516129,24.043548387096774,94.92548387096774,3.1874193548387098,0.0,0.21000000000000002,-1.7157643670709706,2000-05
2000-06-01,Taif,2000,6,34.352999999999994,19.491666666666667,94.66466666666666,3.414,0.0,0.21000000000000002,-1.4807662711492888,2000-06
2000-07-01,Taif,2000,7,34.40064516129033,28.023225806451613,94.52387096774194,3.108064516129032,0.05,0.05,-1.2531823140403984,2000-07
2000-08-01,Taif,2000,8,33.42709677419355,36.47193548387097,94.6,3.0051612903225804,0.06,0.11,-0.5954360052747392,2000-08
2000-09-01,Taif,2000,9,33.357,24.6,94.86833333333334,2.942333333333333,0.0,0.11,-0.685698723784977,2000-09
2000-10-01,Taif,2000,10,29.924193548387095,34.59903225806451,95.22322580645161,2.6954838709677422,0.51,0.5700000000000001,-0.6375667013023916,2000-10
2000-11-01,Taif,2000,11,26.144333333333336,51.268,95.35466666666666,2.5260000000000002,2.34,2.8499999999999996,-0.4139934160688728,2000-11
2000-12-01,Taif,2000,12,22.649677419354838,51.049677419354836,95.53806451612903,2.5206451612903225,1.37,4.22,-0.4834559274174149,2000-12
2001-01-01,Taif,2001,1,20.98225806451613,42.44741935483871,95.55645161290323,2.5783870967741938,0.0,3.71,-0.7155911980934888,2001-01
2001-02-01,Taif,2001,2,22.814285714285713,45.652142857142856,95.40285714285714,2.5967857142857143,0.0,1.37,-0.8165655729376871,2001-02
2001-03-01,Taif,2001,3,26.330000000000002,37.469032258064516,95.22548387096774,3.005483870967742,2.2800000000000002,2.2800000000000002,-0.5369442723032822,2001-03
2001-04-01,Taif,2001,4,29.968666666666664,29.968999999999998,95.11666666666666,2.963,0.05,2.33,-0.5489210894674239,2001-04
2001-05-01,Taif,2001,5,32.917096774193546,22.08677419354839,94.91258064516128,2.8448387096774193,0.0,2.33,-0.7782686523594512,2001-05
2001-06-01,Taif,2001,6,34.218666666666664,14.179333333333334,94.73533333333333,3.4196666666666666,0.0,0.05,-1.879273540457946,2001-06
2001-07-01,Taif,2001,7,33.413548387096775,24.258064516129032,94.69903225806452,3.3029032258064515,0.0,0.0,-2.00042356910598,2001-07
2001-08-01,Taif,2001,8,33.380967741935486,39.336451612903225,94.72,3.164516129032258,0.0,0.0,-1.408135641148089,2001-08
2001-09-01,Taif,2001,9,33.564,33.321999999999996,94.912,2.7456666666666667,0.09000000000000001,0.09000000000000001,-0.719671155934326,2001-09
2001-10-01,Taif,2001,10,30.642258064516128,34.31806451612903,95.20064516129031,2.5325806451612904,3.36,3.4499999999999997,-0.01989194902903894,2001-10
2001-11-01,Taif,2001,11,26.023000000000003,43.510999999999996,95.50399999999999,2.457333333333333,1.09,4.54,-0.20879978170427607,2001-11
2001-12-01,Taif,2001,12,24.016451612903225,57.43451612903226,95.54774193548387,2.2480645161290322,14.040000000000001,18.490000000000002,0.42460016168747905,2001-12
2002-01-01,Taif,2002,1,20.463225806451614,47.77483870967742,95.62290322580645,2.6232258064516127,4.08,19.21,0.35851659187668605,2002-01
2002-02-01,Taif,2002,2,23.875357142857144,45.786071428571425,95.50428571428571,2.9725,2.5399999999999996,20.66,0.8384829315290783,2002-02
2002-03-01,Taif,2002,3,26.194193548387098,37.00483870967742,95.22548387096774,3.1793548387096773,1.46,8.08,0.22271112770435972,2002-03
2002-04-01,Taif,2002,4,28.728,30.62633333333333,95.09266666666667,3.1689999999999996,0.04,4.039999999999999,-0.2893250944354768,2002-04
2002-05-01,Taif,2002,5,32.041612903225804,19.89258064516129,94.91967741935483,2.716774193548387,0.0,1.5,-0.9805308729778422,2002-05
2002-06-01,Taif,2002,6,34.330666666666666,18.055666666666664,94.75066666666666,3.6896666666666667,0.63,0.67,-1.101044009834288,2002-06
2002-07-01,Taif,2002,7,35.35612903225806,21.983870967741936,94.70838709677419,3.2648387096774196,0.0,0.63,-0.6730145472166189,2002-07
2002-08-01,Taif,2002,8,34.7541935483871,26.71709677419355,94.72548387096775,3.109677419354839,0.18,0.81,-0.22050025661391467,2002-08
2002-09-01,Taif,2002,9,33.79833333333333,29.166666666666668,95.02833333333334,2.865333333333333,0.03,0.21,-0.5649849464124861,2002-09
2002-10-01,Taif,2002,10,29.931290322580644,34.85645161290322,95.25709677419354,2.608709677419355,0.0,0.21,-0.8720512711226155,2002-10
2002-11-01,Taif,2002,11,26.897,46.239000000000004,95.43566666666668,2.570333333333333,32.35,32.38,1.0769684520917537,2002-11
2002-12-01,Taif,2002,12,21.65032258064516,58.39483870967742,95.60483870967742,2.258387096774194,0.18,32.53,0.9036952296468144,2002-12
2003-01-01,Taif,2003,1,22.201612903225808,47.01483870967742,95.62548387096774,2.5716129032258066,0.63,33.160000000000004,0.8746710417488346,2003-01
2003-02-01,Taif,2003,2,23.633214285714285,45.837857142857146,95.41428571428571,2.7725,0.2,1.01,-0.9354452889048399,2003-02
2003-03-01,Taif,2003,3,25.182580645161288,38.90225806451613,95.30419354838709,3.0248387096774194,0.0,0.8300000000000001,-0.9778153640175742,2003-03
2003-04-01,Taif,2003,4,29.489333333333335,30.962,95.124,2.9963333333333333,1.65,1.8499999999999999,-0.6456503186946316,2003-04
2003-05-01,Taif,2003,5,33.83548387096774,23.340967741935486,95.01548387096774,2.882903225806452,2.31,3.96,-0.5076923945052726,2003-05
2003-06-01,Taif,2003,6,34.80233333333333,17.494333333333334,94.66866666666667,3.4516666666666667,6.69,10.65,0.228402687290579,2003-06
2003-07-01,Taif,2003,7,33.75806451612903,21.468709677419355,94.71903225806452,3.7174193548387096,0.13,9.13,0.5411739382879276,2003-07
2003-08-01,Taif,2003,8,33.89129032258065,34.832580645161286,94.71225806451612,3.2396774193548388,0.05,6.87,0.5421513374534499,2003-08
2003-09-01,Taif,2003,9,33.907666666666664,28.09466666666667,94.91066666666667,2.719666666666667,0.0,0.18,-0.595404762695005,2003-09
2003-10-01,Taif,2003,10,30.19677419354839,32.62129032258064,95.2925806451613,2.6322580645161286,0.0,0.05,-1.1149781872263766,2003-10
2003-11-01,Taif,2003,11,25.858333333333334,51.626333333333335,95.425,2.5596666666666668,42.18000000000001,42.18000000000001,1.329148388984366,2003-11
2003-12-01,Taif,2003,12,23.38225806451613,56.04806451612903,95.59645161290322,2.427741935483871,0.02,42.20000000000001,1.1596985011663015,2003-12
2004-01-01,Taif,2004,1,21.784193548387094,54.361612903225804,95.39064516129032,2.6212903225806454,12.74,54.940000000000005,1.4563078986632791,2004-01
2004-02-01,Taif,2004,2,22.91758620689655,41.26068965517241,95.56344827586207,2.7858620689655176,0.0,12.76,0.43364292573997293,2004-02
2004-03-01,Taif,2004,3,26.223870967741934,31.344516129032257,95.34322580645161,2.896451612903226,0.05,12.790000000000001,0.5818992848554211,2004-03
2004-04-01,Taif,2004,4,29.494666666666667,36.89366666666667,95.11266666666667,2.8213333333333335,4.550000000000001,4.6000000000000005,-0.2215271263888898,2004-04
2004-05-01,Taif,2004,5,33.67645161290323,17.884193548387096,94.96096774193548,2.9393548387096775,0.0,4.6000000000000005,-0.42494232425761197,2004-05
2004-06-01,Taif,2004,6,34.30266666666667,17.031333333333333,94.91000000000001,3.45,0.0,4.550000000000001,-0.2763647904900368,2004-06
2004-07-01,Taif,2004,7,35.0141935483871,21.03774193548387,94.58645161290322,3.3941935483870966,0.0,0.0,-2.00042356910598,2004-07
2004-08-01,Taif,2004,8,34.215806451612906,27.216129032258067,94.74677419354839,3.396774193548387,0.04,0.04,-0.71422107717264,2004-08
2004-09-01,Taif,2004,9,34.02766666666667,26.045333333333335,94.87533333333334,2.7670000000000003,0.0,0.04,-0.8420111596122164,2004-09
2004-10-01,Taif,2004,10,29.72290322580645,33.317096774193544,95.34,2.7880645161290323,0.24,0.27999999999999997,-0.8106973230557535,2004-10
2004-11-01,Taif,2004,11,26.486333333333334,46.696333333333335,95.43166666666666,2.551,0.01,0.25,-1.1486069969415493,2004-11
2004-12-01,Taif,2004,12,22.567419354838712,49.65806451612904,95.5283870967742,2.7641935483870967,5.23,5.48,-0.35014374418497435,2004-12
2005-01-01,Taif,2005,1,20.921612903225807,49.70741935483871,95.5458064516129,2.6470967741935483,8.51,13.75,0.08873077236372257,2005-01
2005-02-01,Taif,2005,2,23.88214285714286,44.50357142857143,95.43035714285715,2.4971428571428573,0.0,13.74,0.49148086511018907,2005-02
2005-03-01,Taif,2005,3,26.69193548387097,37.614838709677414,95.29645161290323,2.955806451612903,0.0,8.51,0.2605616090901848,2005-03
2005-04-01,Taif,2005,4,29.637666666666668,36.406666666666666,95.172,3.1266666666666665,60.11,60.11,1.979554678321691,2005-04
2005-05-01,Taif,2005,5,30.451612903225808,30.64032258064516,95.0858064516129,2.5864516129032262,0.52,60.63,1.7854538536635478,2005-05
2005-06-01,Taif,2005,6,35.30166666666666,18.919666666666668,94.72033333333334,3.296,0.0,60.63,1.8214425795589553,2005-06
2005-07-01,Taif,2005,7,33.973225806451616,23.322903225806453,94.7825806451613,3.4035483870967744,0.42,0.94,-0.5427563585795919,2005-07
2005-08-01,Taif,2005,8,34.54548387096774,30.71677419354839,94.7290322580645,3.1841935483870967,0.53,0.95,-0.17972171957963948,2005-08
2005-09-01,Taif,2005,9,34.272333333333336,25.049,94.88000000000001,2.996666666666667,0.0,0.95,-0.20111661876688142,2005-09
2005-10-01,Taif,2005,10,30.210322580645162,32.06225806451613,95.30193548387098,2.7329032258064516,0.0,0.53,-0.6568029237102261,2005-10
2005-11-01,Taif,2005,11,26.55366666666667,46.72833333333333,95.454,2.396666666666667,0.0,0.0,-2.00042356910598,2005-11
2005-12-01,Taif,2005,12,24.169999999999998,47.27548387096774,95.52806451612904,2.4535483870967743,1.56,1.56,-0.9145905663889682,2005-12
2006-01-01,Taif,2006,1,22.677419354838708,50.02322580645161,95.46290322580644,2.8961290322580644,0.0,1.56,-1.0772513471891707,2006-01
2006-02-01,Taif,2006,2,24.37392857142857,44.43571428571429,95.34035714285714,3.090357142857143,0.0,1.56,-0.763032946449003,2006-02
2006-03-01,Taif,2006,3,25.557096774193546,37.68032258064516,95.26451612903226,2.9193548387096775,1.4500000000000002,1.4500000000000002,-0.7490101704688366,2006-03
2006-04-01,Taif,2006,4,28.357000000000003,31.668333333333333,95.13566666666667,2.8906666666666667,6.109999999999999,7.56,0.06488048900382001,2006-04
2006-05-01,Taif,2006,5,33.0441935483871,23.29064516129032,95.03387096774195,3.1029032258064517,0.77,8.33,-0.06339957235396862,2006-05
2006-06-01,Taif,2006,6,35.69533333333333,15.460333333333333,94.70833333333333,3.6103333333333336,0.0,6.879999999999999,-0.04584944959434323,2006-06
2006-07-01,Taif,2006,7,33.89096774193549,20.931935483870966,94.77387096774193,3.7887096774193547,0.0,0.77,-0.6093260189163837,2006-07
2006-08-01,Taif,2006,8,34.14,30.65967741935484,94.66354838709678,3.1961290322580647,0.01,0.01,-0.8253370118470564,2006-08
2006-09-01,Taif,2006,9,33.577666666666666,27.394000000000002,94.911,2.8543333333333334,0.0,0.01,-1.0035790530988602,2006-09
2006-10-01,Taif,2006,10,30.198064516129033,40.88645161290323,95.27741935483871,2.4470967741935485,35.99,36.0,1.535942965505249,2006-10
2006-11-01,Taif,2006,11,25.39466666666667,56.07633333333333,95.38766666666668,2.1083333333333334,0.14,36.13,1.1783427694092699,2006-11
2006-12-01,Taif,2006,12,21.990645161290324,52.119677419354836,95.56870967741936,2.463225806451613,0.6200000000000001,36.75,1.0205677769352177,2006-12
2007-01-01,Taif,2007,1,21.398709677419355,52.82225806451613,95.65806451612903,2.793548387096774,14.95,15.709999999999999,0.19248060139818962,2007-01
2007-02-01,Taif,2007,2,23.11785714285714,47.6325,95.36357142857142,2.5825,4.609999999999999,20.18,0.817084617893857,2007-02
2007-03-01,Taif,2007,3,25.38741935483871,36.336774193548386,95.28225806451613,3.045161290322581,0.0,19.559999999999995,0.9694619198182641,2007-03
2007-04-01,Taif,2007,4,29.48933333333333,30.553,95.13866666666667,2.9040000000000004,3.3,7.909999999999999,0.0932991133959274,2007-04
2007-05-01,Taif,2007,5,33.472903225806455,21.531612903225806,94.94064516129032,3.044193548387097,0.0,3.3,-0.604441195858655,2007-05
2007-06-01,Taif,2007,6,34.01566666666667,19.349,94.67266666666666,3.7143333333333337,0.0,3.3,-0.43937613470200376,2007-06
2007-07-01,Taif,2007,7,33.76741935483871,28.245483870967742,94.76870967741935,3.452258064516129,0.58,0.58,-0.6983481300655388,2007-07
2007-08-01,Taif,2007,8,33.71387096774194,29.02709677419355,94.69064516129032,3.4003225806451614,0.0,0.58,-0.2998282875741916,2007-08
2007-09-01,Taif,2007,9,33.489,27.541,94.81700000000001,3.138,0.83,1.41,-0.08146334009671606,2007-09
2007-10-01,Taif,2007,10,30.11225806451613,26.26967741935484,95.28870967741935,2.774193548387097,0.05,0.88,-0.5148076894215711,2007-10
2007-11-01,Taif,2007,11,26.801333333333332,37.94866666666667,95.429,2.630333333333333,0.0,0.88,-0.8290053296889212,2007-11
2007-12-01,Taif,2007,12,23.899032258064516,53.56903225806452,95.52580645161291,2.2825806451612904,0.0,0.05,-1.7554288691596147,2007-12
2008-01-01,Taif,2008,1,21.061935483870965,58.78935483870968,95.48032258064515,2.643870967741935,26.86,26.86,0.6631387464896431,2008-01
2008-02-01,Taif,2008,2,23.193793103448275,44.09758620689655,95.5855172413793,3.1420689655172414,0.0,26.86,1.0904115027405104,2008-02
2008-03-01,Taif,2008,3,26.95451612903226,26.46935483870968,95.17064516129032,2.9048387096774193,0.0,26.86,1.3012748697424423,2008-03
2008-04-01,Taif,2008,4,30.483,27.408333333333335,95.08266666666667,2.932,0.0,0.0,-2.00042356910598,2008-04
2008-05-01,Taif,2008,5,32.7658064516129,21.174193548387095,94.91612903225807,2.905483870967742,6.53,6.53,-0.21864811780264445,2008-05
2008-06-01,Taif,2008,6,34.142,18.30933333333333,94.71766666666667,3.1813333333333333,0.0,6.53,-0.07638785995859429,2008-06
2008-07-01,Taif,2008,7,34.65129032258065,18.63,94.59967741935485,4.014838709677419,0.0,6.53,0.33105101896619216,2008-07
2008-08-01,Taif,2008,8,34.44935483870968,20.793870967741935,94.6041935483871,3.678709677419355,0.0,0.0,-1.408135641148089,2008-08
2008-09-01,Taif,2008,9,33.73433333333333,32.65233333333333,94.87633333333333,2.7963333333333336,0.0,0.0,-1.6906216295848977,2008-09
2008-10-01,Taif,2008,10,29.64516129032258,29.654193548387095,95.26129032258065,2.804193548387097,0.0,0.0,-1.8238032777788424,2008-10
2008-11-01,Taif,2008,11,25.988333333333333,44.89066666666667,95.44166666666666,2.359,0.95,0.95,-0.8057770755845857,2008-11
2008-12-01,Taif,2008,12,23.318387096774195,44.3258064516129,95.54967741935484,2.5390322580645157,0.0,0.95,-1.0918238883096356,2008-12
2009-01-01,Taif,2009,1,23.036774193548386,52.71193548387097,95.54709677419355,2.3848387096774197,0.01,0.96,-1.2314475666173357,2009-01
2009-02-01,Taif,2009,2,24.56642857142857,45.348571428571425,95.36035714285715,2.804642857142857,0.0,0.01,-1.870803822415606,2009-02
2009-03-01,Taif,2009,3,25.46483870967742,38.55193548387096,95.2348387096774,3.071935483870968,0.0,0.01,-1.886289031798284,2009-03
2009-04-01,Taif,2009,4,29.591333333333335,25.981333333333332,95.14866666666667,2.868333333333333,0.0,0.0,-2.00042356910598,2009-04
2009-05-01,Taif,2009,5,32.61677419354839,24.137096774193548,94.98,3.2438709677419357,8.21,8.21,-0.07295301739233981,2009-05
2009-06-01,Taif,2009,6,35.70133333333333,19.084333333333333,94.76666666666667,2.9323333333333332,1.89,10.100000000000001,0.19320607173231524,2009-06
2009-07-01,Taif,2009,7,34.431612903225805,21.776451612903223,94.73709677419355,3.2312903225806453,0.0,10.100000000000001,0.6092916007262377,2009-07
2009-08-01,Taif,2009,8,34.43677419354839,29.370967741935484,94.72645161290322,3.7358064516129033,0.6000000000000001,2.49,0.11440290627466855,2009-08
2009-09-01,Taif,2009,9,33.91566666666667,26.12633333333333,94.972,2.9916666666666667,2.07,2.67,0.14089386249210833,2009-09
2009-10-01,Taif,2009,10,29.962903225806453,32.693548387096776,95.22193548387096,2.7338709677419355,4.83,7.5,0.36321227121267596,2009-10
2009-11-01,Taif,2009,11,26.115000000000002,48.974000000000004,95.38466666666666,2.592,23.37,30.270000000000003,1.0167155559761942,2009-11
2009-12-01,Taif,2009,12,22.831290322580646,58.891290322580645,95.47290322580645,2.418709677419355,4.78,32.98,0.9165964991499265,2009-12
2010-01-01,Taif,2010,1,23.062580645161294,42.00258064516129,95.60096774193549,2.851612903225807,0.0,28.150000000000002,0.7088104068557857,2010-01
2010-02-01,Taif,2010,2,23.72107142857143,42.848571428571425,95.38857142857144,2.672857142857143,0.8400000000000001,5.6199999999999966,-0.12221460142446391,2010-02
2010-03-01,Taif,2010,3,26.42967741935484,31.108709677419355,95.39290322580645,3.0951612903225807,0.76,1.5999999999999965,-0.7050422431893197,2010-03
2010-04-01,Taif,2010,4,30.374000000000002,34.11966666666667,95.13366666666667,3.265,2.38,3.9799999999999964,-0.29696805450800273,2010-04
2010-05-01,Taif,2010,5,33.230322580645165,23.966451612903228,94.89806451612904,2.8603225806451613,3.31,6.449999999999996,-0.22623488791963609,2010-05
2010-06-01,Taif,2010,6,35.76733333333333,16.74833333333333,94.72233333333334,3.615333333333333,0.0,5.689999999999996,-0.1548696234510032,2010-06
2010-07-01,Taif,2010,7,34.35322580645161,30.38935483870968,94.64,3.3677419354838714,0.8,4.109999999999997,0.0757691019872395,2010-07
2010-08-01,Taif,2010,8,34.40451612903226,36.77967741935484,94.62387096774194,2.8364516129032262,0.01,0.8099999999999965,-0.22050025661391554,2010-08
2010-09-01,Taif,2010,9,33.459666666666664,27.810333333333332,94.83500000000001,2.8689999999999998,0.6,1.4099999999999966,-0.08146334009671662,2010-09
2010-10-01,Taif,2010,10,31.524516129032257,24.643548387096775,95.15870967741935,2.6848387096774196,0.21,0.8199999999999964,-0.5357340393897941,2010-10
2010-11-01,Taif,2010,11,26.881333333333334,32.165333333333336,95.359,2.7723333333333335,0.6900000000000001,1.4999999999999964,-0.6568189874952897,2010-11
2010-12-01,Taif,2010,12,23.283870967741933,43.710967741935484,95.39612903225807,2.591290322580645,36.769999999999996,37.669999999999995,1.0449145403525266,2010-12
2011-01-01,Taif,2011,1,20.72258064516129,64.5158064516129,95.40290322580644,2.5116129032258065,10.89,48.349999999999994,1.2981358713124185,2011-01
2011-02-01,Taif,2011,2,22.969285714285714,44.43892857142857,95.3567857142857,2.7296428571428573,0.0,47.66,1.7379637918877016,2011-02
2011-03-01,Taif,2011,3,24.877741935483872,39.07387096774193,95.33870967741936,3.212258064516129,8.89,19.78,0.9804991752104051,2011-03
2011-04-01,Taif,2011,4,28.691333333333333,31.978,95.06066666666668,3.3313333333333333,0.05,8.940000000000001,0.1723066717389139,2011-04
2011-05-01,Taif,2011,5,32.681290322580644,23.168387096774193,95.01290322580645,2.886451612903226,0.05,8.99,-0.012538914624924959,2011-05
2011-06-01,Taif,2011,6,34.46933333333333,18.029,94.68133333333334,3.4283333333333337,0.0,0.1,-1.6947551273581718,2011-06
2011-07-01,Taif,2011,7,34.946129032258064,22.148387096774194,94.57903225806452,2.9745161290322577,0.0,0.05,-1.2531823140403984,2011-07
2011-08-01,Taif,2011,8,33.846774193548384,28.699677419354842,94.63290322580644,3.2851612903225806,0.0,0.0,-1.408135641148089,2011-08
2011-09-01,Taif,2011,9,33.40133333333333,24.379,94.87466666666666,3.2680000000000002,0.0,0.0,-1.6906216295848977,2011-09
2011-10-01,Taif,2011,10,30.21483870967742,32.31290322580645,95.18548387096774,2.744193548387097,0.0,0.0,-1.8238032777788424,2011-10
2011-11-01,Taif,2011,11,24.526666666666664,42.72,95.34166666666667,2.6003333333333334,0.0,0.0,-2.00042356910598,2011-11
2011-12-01,Taif,2011,12,23.544516129032257,45.35193548387097,95.56903225806451,2.338709677419355,0.0,0.0,-2.2779883330287345,2011-12
2012-01-01,Taif,2012,1,21.35225806451613,52.60612903225806,95.55387096774194,2.621935483870968,0.0,0.0,-2.00042356910598,2012-01
2012-02-01,Taif,2012,2,23.993448275862068,47.670344827586206,95.35620689655173,2.8586206896551727,0.0,0.0,-2.269205796284963,2012-02
2012-03-01,Taif,2012,3,24.933870967741935,38.531290322580645,95.35903225806452,3.03,0.0,0.0,-2.2779883330287345,2012-03
2012-04-01,Taif,2012,4,28.92366666666667,34.940333333333335,95.08166666666666,2.898,1.1900000000000002,1.1900000000000002,-0.8131293380828885,2012-04
2012-05-01,Taif,2012,5,33.454193548387096,22.053870967741933,94.98903225806451,2.7864516129032255,0.17,1.36,-1.0231722737850464,2012-05
2012-06-01,Taif,2012,6,35.263333333333335,15.482666666666667,94.702,3.3506666666666667,0.0,1.36,-0.8324652632340912,2012-06
2012-07-01,Taif,2012,7,34.60548387096774,25.86032258064516,94.53903225806452,3.6938709677419355,0.41000000000000003,0.5800000000000001,-0.6983481300655385,2012-07
2012-08-01,Taif,2012,8,33.980000000000004,27.38774193548387,94.71129032258065,3.574193548387097,0.22,0.63,-0.2809242642791389,2012-08
2012-09-01,Taif,2012,9,33.36233333333333,21.673333333333336,94.932,3.2823333333333333,0.0,0.63,-0.313519377370396,2012-09
2012-10-01,Taif,2012,10,29.63064516129032,36.309677419354834,95.2558064516129,2.7361290322580647,1.8199999999999998,2.04,-0.23273558207934064,2012-10
2012-11-01,Taif,2012,11,26.334666666666667,45.248333333333335,95.37633333333333,2.444666666666667,1.05,2.87,-0.41110613416650044,2012-11
2012-12-01,Taif,2012,12,23.508387096774193,59.44870967741936,95.45967741935483,2.3419354838709676,12.84,15.71,0.30288334832906444,2012-12
2013-01-01,Taif,2013,1,22.463548387096775,51.70161290322581,95.56935483870969,2.5593548387096776,1.76,15.65,0.1894339445541099,2013-01
2013-02-01,Taif,2013,2,24.516785714285714,43.50785714285714,95.43857142857142,3.0160714285714287,0.0,14.600000000000001,0.5400385485617577,2013-02
2013-03-01,Taif,2013,3,26.852903225806454,40.152903225806455,95.23354838709676,2.9416129032258063,0.03,1.7900000000000018,-0.6535020250688605,2013-03
2013-04-01,Taif,2013,4,28.485333333333337,33.95733333333333,95.10066666666667,3.228666666666667,7.2,7.230000000000002,0.03725974935895934,2013-04
2013-05-01,Taif,2013,5,32.733548387096775,27.6,94.97032258064516,2.92,2.47,9.700000000000003,0.03929859789901695,2013-05
2013-06-01,Taif,2013,6,34.467666666666666,14.661,94.74533333333333,3.3626666666666667,0.0,9.670000000000003,0.16474501755581425,2013-06
2013-07-01,Taif,2013,7,34.28,28.258387096774193,94.55096774193548,3.184193548387097,0.0,2.470000000000002,-0.166730257380416,2013-07
2013-08-01,Taif,2013,8,33.0858064516129,34.784193548387094,94.75,3.216774193548387,0.93,0.9300000000000018,-0.18527875844586553,2013-08
2013-09-01,Taif,2013,9,33.89233333333333,27.435333333333332,94.87133333333333,2.739333333333333,0.0,0.9300000000000018,-0.20722631790434953,2013-09
2013-10-01,Taif,2013,10,30.30516129032258,34.18483870967742,95.2183870967742,2.5703225806451617,0.01,0.9400000000000018,-0.49490677427721536,2013-10
2013-11-01,Taif,2013,11,26.26033333333333,44.50966666666667,95.34833333333333,2.6213333333333333,0.0,0.010000000000001777,-1.5617873964307427,2013-11
2013-12-01,Taif,2013,12,22.74225806451613,45.614838709677414,95.60161290322581,2.662258064516129,0.2,0.2100000000000018,-1.5075949659868202,2013-12
2014-01-01,Taif,2014,1,22.300645161290323,55.509354838709676,95.54548387096774,2.835806451612903,14.43,14.63,0.13643290416253584,2014-01
2014-02-01,Taif,2014,2,23.267500000000002,45.48321428571428,95.38071428571428,2.8649999999999998,0.0,14.63,0.541698141979199,2014-02
2014-03-01,Taif,2014,3,25.67064516129032,38.06290322580645,95.28612903225806,3.2729032258064517,0.05,14.480000000000002,0.6890731877707941,2014-03
2014-04-01,Taif,2014,4,30.177666666666667,29.378666666666668,95.202,3.2016666666666667,1.6,1.650000000000002,-0.6912182067897096,2014-04
2014-05-01,Taif,2014,5,32.166451612903224,26.485806451612902,95.04161290322581,2.9661290322580647,0.7500000000000001,2.400000000000002,-0.7639992296870359,2014-05
2014-06-01,Taif,2014,6,34.824333333333335,17.884333333333334,94.77966666666666,3.447666666666667,0.0,2.3500000000000023,-0.5988090885750589,2014-06
2014-07-01,Taif,2014,7,34.718387096774194,22.791935483870965,94.81806451612904,3.6067741935483872,0.0,0.7500000000000019,-0.6178614563668617,2014-07
2014-08-01,Taif,2014,8,34.440322580645166,28.720967741935485,94.72387096774193,3.4035483870967744,0.0,0.0,-1.408135641148089,2014-08
2014-09-01,Taif,2014,9,33.23833333333333,29.554333333333332,94.925,3.0196666666666667,1.18,1.1800000000000017,-0.13693714125388257,2014-09
2014-10-01,Taif,2014,10,29.93967741935484,36.33,95.30290322580645,2.6058064516129034,0.0,1.1800000000000017,-0.42356606010939857,2014-10
2014-11-01,Taif,2014,11,25.537666666666667,46.391,95.48966666666666,2.375,9.87,11.05,0.2713628460264085,2014-11
2014-12-01,Taif,2014,12,24.008064516129032,49.33096774193548,95.64290322580645,2.516774193548387,0.15000000000000002,10.020000000000001,-0.0016306981583194705,2014-12
2015-01-01,Taif,2015,1,21.29258064516129,40.17774193548387,95.70967741935483,2.8483870967741933,0.8600000000000001,10.88,-0.08239893519038861,2015-01
2015-02-01,Taif,2015,2,23.835,42.542500000000004,95.44214285714285,2.9050000000000002,0.0,1.010000000000002,-0.9354452889048391,2015-02
2015-03-01,Taif,2015,3,27.17548387096774,39.384516129032264,95.33483870967743,3.106129032258065,6.45,7.310000000000002,0.15137726131252377,2015-03
2015-04-01,Taif,2015,4,29.166333333333334,31.054333333333332,95.24633333333333,3.2746666666666666,0.12,6.570000000000002,-0.020657398666485246,2015-04
2015-05-01,Taif,2015,5,33.30064516129032,28.094193548387096,95.05096774193548,3.049677419354839,8.899999999999999,15.47,0.3852532128337726,2015-05
2015-06-01,Taif,2015,6,34.40133333333333,16.272000000000002,94.83266666666667,3.4673333333333334,0.0,9.02,0.11998684055786674,2015-06
2015-07-01,Taif,2015,7,35.01709677419355,15.26741935483871,94.76645161290324,3.8951612903225805,0.0,8.9,0.5243322774178142,2015-07
2015-08-01,Taif,2015,8,35.428064516129034,29.80064516129032,94.7416129032258,2.914516129032258,0.15,0.15000000000000177,-0.5509109553029863,2015-08
2015-09-01,Taif,2015,9,34.24466666666667,29.61733333333333,94.96433333333333,2.656,0.0,0.15000000000000177,-0.6300240347923826,2015-09
2015-10-01,Taif,2015,10,30.705806451612904,36.33516129032258,95.30806451612904,2.725806451612903,0.0,0.15000000000000177,-0.9380471360787633,2015-10
2015-11-01,Taif,2015,11,26.800333333333334,47.693666666666665,95.396,2.8133333333333335,9.0,9.000000000000002,0.14853281323429218,2015-11
2015-12-01,Taif,2015,12,22.588387096774195,53.86645161290322,95.6916129032258,2.8183870967741935,2.83,11.830000000000002,0.10581267141416037,2015-12
2016-01-01,Taif,2016,1,21.319032258064517,55.954193548387096,95.68741935483871,2.678709677419355,3.87,15.700000000000003,0.19197335220411496,2016-01
2016-02-01,Taif,2016,2,23.89862068965517,45.58137931034483,95.60068965517242,2.969310344827586,1.3900000000000001,8.090000000000002,0.10707317242356275,2016-02
2016-03-01,Taif,2016,3,27.858387096774194,38.62354838709677,95.27451612903226,3.347741935483871,0.88,6.140000000000002,0.032443311060385366,2016-03
2016-04-01,Taif,2016,4,29.043333333333333,41.12733333333333,95.18233333333333,2.9776666666666665,24.200000000000003,26.470000000000006,1.0407476548039392,2016-04
2016-05-01,Taif,2016,5,33.47096774193548,24.47290322580645,95.06451612903226,2.8506451612903225,0.75,25.830000000000005,0.8311044034401437,2016-05
2016-06-01,Taif,2016,6,35.54933333333334,17.917666666666666,94.80933333333334,3.4606666666666666,0.0,24.950000000000006,0.8843393124822226,2016-06
2016-07-01,Taif,2016,7,34.52225806451613,26.99290322580645,94.69419354838709,3.8296774193548386,0.0,0.7500000000000036,-0.6178614563668611,2016-07
2016-08-01,Taif,2016,8,33.645483870967745,36.35516129032258,94.79677419354839,3.19,0.93,0.9300000000000036,-0.18527875844586467,2016-08
2016-09-01,Taif,2016,9,33.788333333333334,31.044,94.92066666666666,2.734666666666667,0.0,0.9300000000000036,-0.20722631790434953,2016-09
2016-10-01,Taif,2016,10,30.115806451612904,34.652903225806455,95.26096774193549,2.5748387096774197,0.0,0.9300000000000036,-0.4981573841501216,2016-10
2016-11-01,Taif,2016,11,26.394,44.563,95.518,2.4563333333333333,1.98,1.9800000000000035,-0.5569531421489955,2016-11
2016-12-01,Taif,2016,12,24.056774193548385,55.729032258064514,95.66548387096775,2.2338709677419355,1.1900000000000002,3.1700000000000035,-0.6190367993688487,2016-12
2017-01-01,Taif,2017,1,23.05290322580645,54.513548387096776,95.6325806451613,2.3464516129032256,1.06,4.230000000000004,-0.6502238250193655,2017-01
2017-02-01,Taif,2017,2,22.043928571428573,47.31392857142857,95.55035714285714,2.835,0.26,2.510000000000004,-0.5508269111469716,2017-02
2017-03-01,Taif,2017,3,25.619032258064518,43.54354838709677,95.26903225806453,3.0829032258064517,0.01,1.3300000000000036,-0.7866637019905309,2017-03
2017-04-01,Taif,2017,4,30.404999999999998,29.305999999999997,95.21566666666666,3.4579999999999997,11.73,12.000000000000004,0.376051055236772,2017-04
2017-05-01,Taif,2017,5,33.57225806451613,29.622258064516128,95.0725806451613,2.962258064516129,5.38,17.120000000000005,0.46737889210862965,2017-05
2017-06-01,Taif,2017,6,35.66133333333334,18.560333333333336,94.72766666666666,3.1173333333333333,0.0,17.110000000000003,0.570605127613263,2017-06
2017-07-01,Taif,2017,7,35.43709677419355,20.711935483870967,94.63612903225805,3.7229032258064514,0.04,5.4200000000000035,0.22384252899082563,2017-07
2017-08-01,Taif,2017,8,35.24967741935484,33.440000000000005,94.60677419354839,3.0300000000000002,0.5700000000000001,0.6100000000000037,-0.2883552192103841,2017-08
2017-09-01,Taif,2017,9,34.278999999999996,26.13566666666667,94.90100000000001,2.6510000000000002,0.0,0.6100000000000037,-0.3218760129954628,2017-09
2017-10-01,Taif,2017,10,30.741935483870968,30.63258064516129,95.21645161290323,2.7706451612903225,0.0,0.5700000000000036,-0.6375667013023899,2017-10
2017-11-01,Taif,2017,11,26.342666666666666,47.24933333333333,95.44466666666668,2.6319999999999997,1.0,1.0000000000000036,-0.7899419092416672,2017-11
2017-12-01,Taif,2017,12,23.675483870967742,35.354516129032255,95.67677419354838,2.6138709677419354,0.0,1.0000000000000036,-1.0745137994402723,2017-12
2018-01-01,Taif,2018,1,21.44677419354839,43.66193548387097,95.58387096774193,2.665161290322581,0.0,1.0000000000000036,-1.219721065129129,2018-01
2018-02-01,Taif,2018,2,24.396785714285716,39.87714285714286,95.39107142857142,2.830714285714286,0.23,0.23000000000000356,-1.3955566550438467,2018-02
2018-03-01,Taif,2018,3,27.291612903225804,30.790967741935482,95.31129032258065,2.8964516129032254,0.27,0.5000000000000036,-1.15852877944824,2018-03
2018-04-01,Taif,2018,4,29.065,35.47833333333333,95.12033333333333,3.015,3.3,3.8000000000000034,-0.3203885734737818,2018-04
2018-05-01,Taif,2018,5,33.331935483870964,23.105483870967742,94.95516129032258,3.304193548387097,0.19,3.7600000000000033,-0.5356214677062103,2018-05
2018-06-01,Taif,2018,6,34.793,23.979333333333333,94.742,3.008666666666667,15.08,18.570000000000004,0.6352782374259298,2018-06
2018-07-01,Taif,2018,7,34.343548387096774,26.51225806451613,94.75161290322582,3.296774193548387,0.0,15.270000000000003,0.9149957413113399,2018-07
2018-08-01,Taif,2018,8,34.09451612903226,29.169999999999998,94.77129032258064,3.504516129032258,0.06,15.140000000000004,1.0011348151727004,2018-08
2018-09-01,Taif,2018,9,34.159,31.728666666666665,94.91699999999999,2.6839999999999997,0.24,0.30000000000000354,-0.49031976191947846,2018-09
2018-10-01,Taif,2018,10,30.006774193548388,37.5816129032258,95.31548387096775,2.5222580645161288,8.48,8.780000000000005,0.45331092808262685,2018-10
2018-11-01,Taif,2018,11,24.930999999999997,63.44166666666667,95.46700000000001,2.5233333333333334,35.81,44.53000000000001,1.3841771724431737,2018-11
2018-12-01,Taif,2018,12,23.470967741935485,57.71354838709678,95.63387096774194,2.2006451612903226,5.55,49.84,1.337185689116363,2018-12
2019-01-01,Taif,2019,1,23.135806451612904,59.23193548387097,95.63451612903226,2.7461290322580645,8.62,49.980000000000004,1.3384157370468561,2019-01
2019-02-01,Taif,2019,2,23.011785714285715,47.30535714285714,95.51571428571428,3.1942857142857144,0.13,14.300000000000006,0.52331839665558,2019-02
2019-03-01,Taif,2019,3,24.011290322580646,37.306774193548385,95.39290322580645,3.4248387096774193,0.0,8.750000000000007,0.281129987418131,2019-03
2019-04-01,Taif,2019,4,28.724666666666668,31.572333333333333,95.203,3.3383333333333334,0.0,0.13000000000000533,-1.37243643408313,2019-04
2019-05-01,Taif,2019,5,32.865806451612904,29.973548387096777,95.0883870967742,2.667741935483871,8.93,8.930000000000005,-0.017050673013049678,2019-05
2019-06-01,Taif,2019,6,36.083999999999996,18.609333333333332,94.80566666666667,3.891,0.02,8.950000000000005,0.11503274918902884,2019-06
2019-07-01,Taif,2019,7,35.1941935483871,19.247096774193547,94.67709677419354,3.8138709677419356,0.0,8.950000000000005,0.5280176627859665,2019-07
2019-08-01,Taif,2019,8,33.9141935483871,32.589354838709674,94.86322580645162,3.39,1.43,1.4500000000000053,-0.06143976065501676,2019-08
2019-09-01,Taif,2019,9,34.61033333333333,27.759,94.86366666666666,2.957666666666667,0.03,1.4600000000000053,-0.07030058506858951,2019-09
2019-10-01,Taif,2019,10,30.338064516129034,39.90387096774194,95.25903225806451,2.540645161290323,0.79,2.2500000000000053,-0.19543198021643185,2019-10
2019-11-01,Taif,2019,11,27.112666666666666,49.919666666666664,95.37899999999999,2.436,2.12,2.9400000000000057,-0.40111370972438576,2019-11
2019-12-01,Taif,2019,12,23.926129032258064,50.7616129032258,95.54129032258065,2.326774193548387,0.16,3.070000000000006,-0.6335970729219507,2019-12
2020-01-01,Taif,2020,1,19.932580645161288,42.42677419354839,95.70129032258063,2.7922580645161292,0.0,2.2800000000000056,-0.9331968051795969,2020-01
2020-02-01,Taif,2020,2,22.607931034482757,46.74103448275862,95.60310344827586,2.9682758620689653,3.4400000000000004,3.600000000000006,-0.37095857386954983,2020-02
2020-03-01,Taif,2020,3,25.23032258064516,32.7541935483871,95.30483870967741,3.0622580645161293,2.4699999999999998,5.9100000000000055,0.007264758229468967,2020-03
2020-04-01,Taif,2020,4,28.367,33.426,95.23566666666667,3.130666666666667,3.39,9.300000000000006,0.19847621989793798,2020-04
2020-05-01,Taif,2020,5,32.80967741935484,28.056129032258063,95.1116129032258,2.895806451612903,17.92,23.78000000000001,0.7537492912942284,2020-05
2020-06-01,Taif,2020,6,35.282333333333334,18.599666666666668,94.73766666666667,3.594666666666667,4.63,25.94000000000001,0.9191422468856377,2020-06
2020-07-01,Taif,2020,7,33.62096774193548,28.205806451612904,94.61290322580645,3.775483870967742,9.3,31.85000000000001,1.5918236911225585,2020-07
2020-08-01,Taif,2020,8,32.95516129032258,35.082258064516125,94.75,3.3096774193548386,2.38,16.310000000000006,1.051989289138175,2020-08
2020-09-01,Taif,2020,9,34.03066666666667,27.145666666666667,94.846,2.4983333333333335,17.78,29.460000000000008,1.5371284503380256,2020-09
2020-10-01,Taif,2020,10,30.15741935483871,26.544516129032257,95.24161290322581,2.7254838709677416,9.6,29.760000000000005,1.3533747029735796,2020-10
2020-11-01,Taif,2020,11,26.35233333333333,55.141,95.46933333333332,2.5573333333333332,12.759999999999998,40.14000000000001,1.2798589610538582,2020-11
2020-12-01,Taif,2020,12,23.855483870967742,52.46483870967742,95.56870967741936,2.3638709677419354,0.47,22.830000000000005,0.5923895658300337,2020-12
2021-01-01,Taif,2021,1,22.34967741935484,57.54032258064516,95.56935483870969,2.4229032258064516,33.41,46.64,1.2549828441616997,2021-01
2021-02-01,Taif,2021,2,21.919999999999998,53.0875,95.52428571428571,2.960714285714286,21.06,54.94,1.922908449214478,2021-02
2021-03-01,Taif,2021,3,26.690645161290323,35.90032258064517,95.30741935483871,3.1319354838709677,0.16999999999999998,54.64,2.2143626576810758,2021-03
2021-04-01,Taif,2021,4,29.221999999999998,33.657666666666664,95.20466666666667,3.0113333333333334,42.080000000000005,63.31000000000001,2.0502021738627922,2021-04
2021-05-01,Taif,2021,5,32.36290322580645,29.80806451612903,95.01903225806453,2.519354838709677,8.03,50.280000000000015,1.5482961649579263,2021-05
2021-06-01,Taif,2021,6,36.11266666666666,22.297666666666665,94.75533333333333,3.122,0.6000000000000001,50.710000000000015,1.6058105053230167,2021-06
2021-07-01,Taif,2021,7,33.70903225806452,32.40064516129032,94.64032258064516,3.644516129032258,0.53,9.160000000000007,0.5433500226682767,2021-07
2021-08-01,Taif,2021,8,34.66258064516129,32.99193548387097,94.75129032258064,3.045483870967742,2.48,3.6100000000000074,0.25420951147167714,2021-08
2021-09-01,Taif,2021,9,33.826,31.610666666666663,94.845,3.068,5.829999999999998,8.840000000000005,0.6916558458730975,2021-09
2021-10-01,Taif,2021,10,31.549354838709675,29.18967741935484,95.21193548387097,2.7109677419354843,0.24,8.550000000000006,0.43779748002305746,2021-10
2021-11-01,Taif,2021,11,27.002333333333336,42.19433333333333,95.43033333333332,2.3613333333333335,3.8400000000000003,9.910000000000005,0.205176962223635,2021-11
2021-12-01,Taif,2021,12,23.78516129032258,49.4741935483871,95.56935483870969,2.3593548387096774,3.7900000000000005,7.870000000000008,-0.14853384555572155,2021-12
2022-01-01,Taif,2022,1,21.285806451612903,56.942903225806454,95.57225806451613,2.620967741935484,11.059999999999999,18.690000000000005,0.3351632494310026,2022-01
2022-02-01,Taif,2022,2,23.203928571428573,45.5025,95.43571428571428,3.062142857142857,2.81,17.660000000000007,0.6990436701520832,2022-02
2022-03-01,Taif,2022,3,26.026774193548388,38.13,95.28580645161291,3.257096774193548,1.4700000000000002,15.340000000000007,0.7405263717743836,2022-03
2022-04-01,Taif,2022,4,30.849333333333334,27.692666666666664,95.02466666666666,3.223,14.38,18.660000000000007,0.7233218122003374,2022-04
2022-05-01,Taif,2022,5,34.12,18.718709677419355,94.97354838709677,2.8822580645161286,0.79,16.640000000000008,0.4440572402289783,2022-05
2022-06-01,Taif,2022,6,35.760666666666665,20.86,94.63766666666668,3.302,0.21000000000000002,15.380000000000008,0.4890313410848388,2022-06
2022-07-01,Taif,2022,7,33.44064516129033,31.720645161290324,94.63741935483871,3.7161290322580647,0.21000000000000002,1.2100000000000053,-0.45351261768175954,2022-07
2022-08-01,Taif,2022,8,33.134838709677425,42.17,94.68258064516128,3.084838709677419,11.860000000000001,12.280000000000006,0.8658183724486158,2022-08
2022-09-01,Taif,2022,9,34.20366666666667,26.854666666666667,94.847,2.993333333333333,0.69,12.760000000000005,0.9098464981043048,2022-09
2022-10-01,Taif,2022,10,30.41032258064516,35.440322580645166,95.24935483870968,2.5745161290322582,5.41,17.960000000000008,0.9308935006265028,2022-10
2022-11-01,Taif,2022,11,26.692,54.30133333333333,95.41966666666667,2.4410000000000003,47.62,53.720000000000006,1.584132543438537,2022-11
2022-12-01,Taif,2022,12,22.619032258064518,62.983225806451614,95.53387096774195,2.4287096774193544,62.580000000000005,115.61000000000001,2.4419407510017708,2022-12
2023-01-01,Taif,2023,1,21.878064516129033,70.77548387096775,95.59870967741935,2.317096774193548,14.27,124.47000000000001,2.6901803590700224,2023-01
2023-02-01,Taif,2023,2,22.627857142857145,52.76857142857143,95.5317857142857,2.7292857142857145,0.0,76.85000000000001,2.4058159455662205,2023-02
2023-03-01,Taif,2023,3,25.259354838709676,38.72354838709678,95.25741935483872,2.8932258064516128,14.049999999999997,28.320000000000004,1.360700967731158,2023-03
2023-04-01,Taif,2023,4,28.354333333333333,47.84766666666667,95.08233333333332,3.241,51.18000000000001,65.23000000000002,2.0916051445651194,2023-04
2023-05-01,Taif,2023,5,31.94645161290323,33.350967741935484,95.10032258064517,2.6961290322580647,16.95,82.18,2.2115691083469016,2023-05
2023-06-01,Taif,2023,6,35.66733333333333,23.358,94.81333333333333,3.3546666666666667,10.83,78.96000000000001,2.1708348837078177,2023-06
2023-07-01,Taif,2023,7,36.14612903225807,21.081935483870968,94.69645161290323,3.6138709677419354,0.21,27.990000000000006,1.4581850795241558,2023-07
2023-08-01,Taif,2023,8,35.32806451612903,29.812903225806455,94.78,3.427741935483871,5.9,16.94000000000001,1.0784653492590763,2023-08
2023-09-01,Taif,2023,9,35.79833333333333,25.104666666666667,94.81333333333333,2.7920000000000003,4.57,10.680000000000007,0.8004625536835581,2023-09
2023-10-01,Taif,2023,10,31.760322580645163,34.33806451612903,95.26741935483871,2.7496774193548386,11.98,22.450000000000006,1.107382224423033,2023-10
2023-11-01,Taif,2023,11,27.401666666666664,56.093666666666664,95.42766666666667,2.366,31.839999999999996,48.39,1.4709042163575825,2023-11
2023-12-01,Taif,2023,12,24.41483870967742,50.140967741935484,95.56806451612904,2.663870967741935,22.789999999999996,66.61,1.6757507760395172,2023-12
2024-01-01,Taif,2024,1,22.74451612903226,54.907419354838716,95.6716129032258,2.2432258064516133,0.41000000000000003,55.03999999999999,1.458617393792376,2024-01
2024-02-01,Taif,2024,2,22.755862068965516,42.931724137931035,95.56517241379309,2.8548275862068966,0.98,24.180000000000003,0.9865451873484341,2024-02
2024-03-01,Taif,2024,3,26.758709677419354,41.42580645161291,95.36193548387097,3.0980645161290323,11.21,12.600000000000009,0.5692869276896705,2024-03
2024-04-01,Taif,2024,4,28.922666666666665,40.115,95.06133333333334,2.8333333333333335,43.589999999999996,55.78,1.8803980451319442,2024-04
2024-05-01,Taif,2024,5,32.497419354838705,28.658709677419353,95.00967741935484,2.8351612903225805,11.43,66.23000000000002,1.9037736327935062,2024-05
2024-06-01,Taif,2024,6,36.367333333333335,20.973333333333336,94.67699999999999,2.9949999999999997,7.06,62.080000000000005,1.8511629715174958,2024-06
2024-07-01,Taif,2024,7,34.98612903225806,28.2041935483871,94.72193548387096,3.4587096774193546,0.34,18.830000000000013,1.088654286985258,2024-07
2024-08-01,Taif,2024,8,32.3558064516129,54.262903225806454,94.85451612903225,2.857741935483871,52.43,59.83000000000001,2.249638389382678,2024-08
2024-09-01,Taif,2024,9,33.769333333333336,36.568999999999996,94.88333333333334,2.8003333333333336,16.5,69.27000000000001,2.449810380498681,2024-09
2024-10-01,Taif,2024,10,31.464193548387097,40.5258064516129,95.18096774193549,2.4325806451612904,41.32,110.25,2.9689151017715045,2024-10
2024-11-01,Taif,2024,11,26.765666666666668,54.099666666666664,95.45766666666667,2.3356666666666666,5.53,63.350000000000016,1.772971480345615,2024-11
2024-12-01,Taif,2024,12,24.04774193548387,50.549677419354836,95.6658064516129,2.353225806451613,0.93,47.780000000000015,1.291072302197665,2024-12
2025-01-01,Taif,2025,1,20.71,17.44,95.75,2.66,0.0,6.460000000000014,-0.41797404367219104,2025-01
